signal_date,trade_date,symbol,action,shares,price,fee,reason,sources,holding_days,realized_pnl
2025-07-29,2025-07-30,688388,买入,2300,33.484536084999995,23.104329898649993,信号入场,"MaVolume,TurtleBreakout",0,0.0
2025-07-29,2025-07-30,603678,买入,900,104.05954819259999,28.096078012001993,信号入场,"MaVolume,TurtleBreakout",0,0.0
2025-07-29,2025-07-30,300632,买入,3200,30.874217143769997,29.639248458019196,信号入场,"MaVolume,TurtleBreakout",0,0.0
2025-07-29,2025-07-30,688510,买入,3700,26.488211349599997,29.401914598055992,信号入场,"MaVolume,TurtleBreakout",0,0.0
2025-07-29,2025-07-30,301187,买入,2000,48.80251426049999,29.281508556299993,信号入场,"MaVolume,TurtleBreakout",0,0.0
2025-07-29,2025-07-30,300565,买入,5900,16.9069252352,29.925257666303995,信号入场,"MaVolume,TurtleBreakout",0,0.0
2025-07-29,2025-07-30,000736,买入,7300,13.5493002645,29.672967579254994,信号入场,"MaVolume,TurtleBreakout",0,0.0
2025-07-29,2025-07-30,000063,买入,200,478.8901398881599,28.73340839328959,信号入场,TurtleBreakout,0,0.0
2025-07-29,2025-07-30,688041,买入,200,142.695852299,8.56175113794,信号入场,TurtleBreakout,0,0.0
2025-07-29,2025-07-30,601211,买入,400,28.16327952438,5.0,信号入场,TurtleBreakout,0,0.0
2025-07-29,2025-08-12,301187,卖出,2000,54.66855706965,87.46969131143999,移动止盈,"MaVolume,TurtleBreakout",9,11615.334418432263
2025-08-11,2025-08-12,002460,买入,100,565.9852598399999,16.979557795199995,信号入场,"MaVolume,TurtleBreakout",0,0.0
2025-07-29,2025-08-13,688510,卖出,3700,25.9525922292,76.819672998432,移动止盈,"MaVolume,TurtleBreakout",10,-2088.0123330764764
2025-08-12,2025-08-13,301358,买入,2800,35.58800469224,29.893923941481596,信号入场,"MaVolume,TurtleBreakout",0,0.0
2025-07-29,2025-08-20,603678,卖出,900,98.1220753044,70.647894219168,时间止损,"MaVolume,TurtleBreakout",15,-5442.469571611175
2025-07-29,2025-08-20,300632,卖出,3200,30.965175628199994,79.27084960819198,时间止损,"MaVolume,TurtleBreakout",15,182.15705210978922
2025-07-29,2025-08-20,000736,卖出,7300,13.4136164565,78.33552010596,时间止损,"MaVolume,TurtleBreakout",15,-1098.500286085211
2025-07-29,2025-08-20,688041,卖出,200,149.20557227279997,23.872891563647997,移动止盈,TurtleBreakout,15,1269.5093520584087
2025-07-29,2025-08-20,601211,卖出,400,27.05615560116,10.411231120232,时间止损,TurtleBreakout,15,-458.26080040823217
2025-08-19,2025-08-20,600980,买入,2600,37.1670567268,28.990304246903992,信号入场,"MaVolume,TurtleBreakout",0,0.0
2025-08-19,2025-08-20,300210,买入,1400,70.65743335651,29.676122009734197,信号入场,"MaVolume,TurtleBreakout",0,0.0
2025-08-19,2025-08-20,002903,买入,2700,36.07387683899999,29.219840239589992,信号入场,"MaVolume,TurtleBreakout",0,0.0
2025-08-19,2025-08-20,600389,买入,700,93.50224295411998,19.635471020365195,信号入场,"MaVolume,TurtleBreakout",0,0.0
2025-07-29,2025-08-27,000063,卖出,200,619.2900238662,99.086403818592,移动止盈,TurtleBreakout,20,27952.156983396126
2025-08-26,2025-08-27,688787,买入,300,226.95921248,20.4263291232,信号入场,"MaVolume,TurtleBreakout",0,0.0
2025-08-26,2025-08-27,601117,买入,1200,10.802962870699998,5.0,信号入场,"MaVolume,TurtleBreakout",0,0.0
2025-07-29,2025-08-28,300565,卖出,5900,17.0049666114,80.26344240580801,移动止盈,"MaVolume,TurtleBreakout",21,468.25541950791376
2025-08-19,2025-08-28,002903,卖出,2700,37.3657460508,80.71001146972799,移动止盈,"MaVolume,TurtleBreakout",6,3378.117020150705
2025-08-26,2025-08-28,688787,卖出,300,197.37144574523998,47.36914697885759,初始止损,"MaVolume,TurtleBreakout",1,-8944.125496530069
2025-08-27,2025-08-28,688578,买入,800,113.25875882320999,27.182102117570395,信号入场,MaVolume,0,0.0
2025-08-27,2025-08-28,002210,买入,2900,33.159532806399994,28.848793541567993,信号入场,MaVolume,0,0.0
2025-08-27,2025-08-28,603607,买入,1200,67.8982401097,24.443366439491996,信号入场,TurtleBreakout,0,0.0
2025-08-19,2025-08-29,300210,卖出,1400,66.51576059706001,74.49765186870721,初始止损,"MaVolume,TurtleBreakout",7,-5902.51563710843
2025-08-28,2025-08-29,688719,买入,1000,68.32412186599998,20.497236559799994,信号入场,"MaVolume,TurtleBreakout",0,0.0
2025-07-29,2025-09-02,688388,卖出,2300,42.266042199450006,77.76951764698799,移动止盈,"MaVolume,TurtleBreakout",24,20096.590215689386
2025-08-11,2025-09-02,002460,卖出,100,574.88058611784,45.990446889427204,时间止损,"MaVolume,TurtleBreakout",15,826.5626230993876
2025-08-19,2025-09-02,600980,卖出,2600,38.63947069116,80.3700990376128,移动止盈,"MaVolume,TurtleBreakout",9,3718.9159040514933
2025-09-01,2025-09-02,002846,买入,1700,49.95631665023999,25.477721491622393,信号入场,"MaVolume,TurtleBreakout",0,0.0
2025-09-01,2025-09-02,688375,买入,900,105.89250008337,28.590975022509895,信号入场,"MaVolume,TurtleBreakout",0,0.0
2025-09-01,2025-09-02,601899,买入,1400,53.548000235729994,22.490160099006598,信号入场,TurtleBreakout,0,0.0
2025-08-19,2025-09-03,600389,卖出,700,100.62325979622,56.3490254858832,移动止盈,"MaVolume,TurtleBreakout",10,4908.727292963769
2025-08-26,2025-09-03,601117,卖出,1200,9.9750510639,10.98503063834,初始止损,"MaVolume,TurtleBreakout",5,-1009.4791987983372
2025-08-27,2025-09-03,002210,卖出,2900,41.15976699204,95.4906594215328,移动止盈,MaVolume,4,23076.33968539293
2025-08-27,2025-09-03,603607,卖出,1200,58.8526207677,56.49851593699201,初始止损,TurtleBreakout,4,-10935.685092776475
2025-08-28,2025-09-03,688719,卖出,1000,54.678073194,43.7424585552,初始止损,"MaVolume,TurtleBreakout",3,-13710.288367114983
2025-09-02,2025-09-03,002263,买入,5100,18.251972769029997,27.92551833661589,信号入场,"MaVolume,TurtleBreakout",0,0.0
2025-09-02,2025-09-03,688799,买入,800,84.81939866399999,20.356655679359992,信号入场,"MaVolume,TurtleBreakout",0,0.0
2025-09-02,2025-09-03,688028,买入,2300,42.08351492345,29.037625297180494,信号入场,"MaVolume,TurtleBreakout",0,0.0
2025-09-02,2025-09-03,000333,买入,200,429.5433824181499,25.772602945088995,信号入场,TurtleBreakout,0,0.0
2025-09-02,2025-09-03,601857,买入,100,15.920823358439998,5.0,信号入场,TurtleBreakout,0,0.0
2025-09-01,2025-09-04,002846,卖出,1700,49.32836289936,67.0865735431296,移动止盈,"MaVolume,TurtleBreakout",2,-1160.085671530731
2025-09-03,2025-09-04,001380,买入,1400,59.65443628144,25.054863238204796,信号入场,"MaVolume,TurtleBreakout",0,0.0
2025-08-27,2025-09-05,688578,卖出,800,113.93623990980001,72.919193542272,移动止盈,MaVolume,6,441.88357361216913
2025-09-02,2025-09-05,688028,卖出,2300,42.878525103449995,78.89648619034799,移动止盈,"MaVolume,TurtleBreakout",2,1720.5893025124678
2025-09-04,2025-09-05,600467,买入,5000,19.71291979657,29.569379694854995,信号入场,"MaVolume,TurtleBreakout",0,0.0
2025-09-04,2025-09-05,000523,买入,4400,22.698261585999997,29.961705293519994,信号入场,"MaVolume,TurtleBreakout",0,0.0
2025-09-02,2025-09-10,688799,卖出,800,82.76042198475001,52.96667007024,移动止盈,"MaVolume,TurtleBreakout",5,-1720.5046691495809
2025-09-03,2025-09-10,001380,卖出,1400,57.442126294080005,64.3351814493696,移动止盈,"MaVolume,TurtleBreakout",4,-3186.6240269915434
2025-09-09,2025-09-10,002276,买入,1400,70.45547775265999,29.59130065611719,信号入场,"MaVolume,TurtleBreakout",0,0.0
2025-09-09,2025-09-10,002244,买入,300,74.95611753629998,6.746050578266998,信号入场,"MaVolume,TurtleBreakout",0,0.0
2025-08-12,2025-09-11,301358,卖出,2800,40.28461295211,90.2375330127264,移动止盈,"MaVolume,TurtleBreakout",21,13030.371670681809
2025-09-02,2025-09-11,002263,卖出,5100,18.75790247085,76.53224208106799,移动止盈,"MaVolume,TurtleBreakout",6,2475.783718864317
2025-09-10,2025-09-11,600292,买入,2100,45.63007449,28.746946928699995,信号入场,"MaVolume,TurtleBreakout",0,0.0
2025-09-10,2025-09-11,600063,买入,1500,62.90898261647999,28.309042177415996,信号入场,"MaVolume,TurtleBreakout",0,0.0
2025-09-01,2025-09-16,688375,卖出,900,116.40373411563,83.8106885632536,移动止盈,"MaVolume,TurtleBreakout",10,9347.70896544824
2025-09-15,2025-09-16,600567,买入,14400,6.94075407025,29.984057583479995,信号入场,"MaVolume,TurtleBreakout",0,0.0
2025-09-10,2025-09-19,600292,卖出,2100,41.53798738305,69.783818803524,初始止损,"MaVolume,TurtleBreakout",6,-8691.913690327216
2025-09-10,2025-09-19,600063,卖出,1500,64.34174081304,77.210088975648,移动止盈,"MaVolume,TurtleBreakout",6,2043.6181636869442
2025-09-18,2025-09-19,603686,买入,1100,72.69810868319999,23.99037586545599,信号入场,"MaVolume,TurtleBreakout",0,0.0
2025-09-18,2025-09-19,600706,买入,4500,22.195277904799998,29.963625171479993,信号入场,"MaVolume,TurtleBreakout",0,0.0
2025-09-02,2025-09-22,601857,卖出,100,14.6342426085,5.731712130425,初始止损,TurtleBreakout,13,-139.38978712442486
2025-09-19,2025-09-22,600562,买入,100,167.28098298912,5.018429489673599,信号入场,"MaVolume,TurtleBreakout",0,0.0
2025-09-04,2025-09-23,000523,卖出,4400,21.920022135900002,77.158477918368,跌破MA60,"MaVolume,TurtleBreakout",12,-3531.3737636518636
2025-09-15,2025-09-23,600567,卖出,14400,6.38092493775,73.50825528287999,初始止损,"MaVolume,TurtleBreakout",5,-8165.031820866367
2025-09-18,2025-09-23,600706,卖出,4500,23.285938112640004,83.82937720550402,移动止盈,"MaVolume,TurtleBreakout",2,4794.17793290304
2025-09-22,2025-09-23,300400,买入,700,93.52097154399999,19.639404024239997,信号入场,"MaVolume,TurtleBreakout,ComprehensiveTrend",0,0.0
2025-09-22,2025-09-23,301117,买入,1300,53.773120851449995,20.971517132065497,信号入场,"MaVolume,TurtleBreakout,ComprehensiveTrend",0,0.0
2025-09-22,2025-09-23,600489,买入,400,212.30565391034997,25.476678469241996,信号入场,"TurtleBreakout,ComprehensiveTrend",0,0.0
2025-09-02,2025-09-24,000333,卖出,200,411.66094920776993,65.8657518732432,时间止损,TurtleBreakout,15,-3668.1249968943157
2025-09-04,2025-09-24,600467,卖出,5000,18.654585401339997,74.61834160535999,跌破MA60,"MaVolume,TurtleBreakout",13,-5395.859697450214
2025-09-09,2025-09-24,002276,卖出,1400,77.47388252603999,86.7707484291648,移动止盈,"MaVolume,TurtleBreakout",10,9709.404633646729
2025-09-23,2025-09-24,300001,买入,500,195.81766123919996,29.37264918587999,信号入场,"MaVolume,ComprehensiveTrend",0,0.0
2025-09-23,2025-09-24,002515,买入,1100,90.20079868799999,29.766263567039992,信号入场,"MaVolume,ComprehensiveTrend",0,0.0
2025-09-23,2025-09-24,601567,买入,700,138.11724464537997,29.004621375529794,信号入场,"MaVolume,ComprehensiveTrend",0,0.0
2025-09-09,2025-09-26,002244,卖出,300,78.48645303195002,18.836748727668002,移动止盈,"MaVolume,TurtleBreakout",12,1033.517849389078
2025-09-18,2025-09-26,603686,卖出,1100,78.0552769896,68.688643750848,移动止盈,"MaVolume,TurtleBreakout",5,5800.206117423717
2025-09-23,2025-09-26,002515,卖出,1100,82.81893112703999,72.88065939179519,初始止损,"MaVolume,ComprehensiveTrend",2,-8222.701240014838
2025-09-25,2025-09-26,300153,买入,300,179.378924725,16.144103225249996,信号入场,"MaVolume,ComprehensiveTrend",0,0.0
2025-09-25,2025-09-26,601168,买入,3400,29.208631672219997,29.792804305664397,信号入场,"MaVolume,ComprehensiveTrend",0,0.0
2025-09-25,2025-09-26,000880,买入,300,198.39020981779998,17.855118883601996,信号入场,"MaVolume,ComprehensiveTrend",0,0.0
2025-09-22,2025-09-29,300400,卖出,700,79.90067040894,44.744375429006396,初始止损,"MaVolume,TurtleBreakout,ComprehensiveTrend",4,-9598.594573995244
2025-09-26,2025-09-29,600893,买入,700,126.62035549162998,26.590274653242293,信号入场,"MaVolume,ComprehensiveTrend",0,0.0
2025-09-25,2025-10-09,000880,卖出,300,188.20858179123,45.1700596298952,跌破MA60,"MaVolume,ComprehensiveTrend",3,-3117.5135864844924
2025-09-30,2025-10-09,300769,买入,200,245.32058254703998,14.719234952822395,信号入场,"MaVolume,TurtleBreakout,ComprehensiveTrend",0,0.0
2025-09-25,2025-10-13,300153,卖出,300,145.3995973575,34.895903365799995,跌破MA60,"MaVolume,ComprehensiveTrend",5,-10244.838216841046
2025-10-10,2025-10-13,600496,买入,2600,32.39245781771999,25.266117097821592,信号入场,"MaVolume,TurtleBreakout,ComprehensiveTrend",0,0.0
2025-09-19,2025-10-14,600562,卖出,100,184.21898808852,14.737519047081602,移动止盈,"MaVolume,TurtleBreakout",10,1674.044561403247
2025-09-25,2025-10-14,601168,卖出,3400,34.6141609902,94.15051789334399,移动止盈,"MaVolume,ComprehensiveTrend",6,18254.856358933
2025-09-30,2025-10-14,300769,卖出,200,229.92495189299999,36.78799230288,初始止损,"MaVolume,TurtleBreakout,ComprehensiveTrend",3,-3130.633358063693
2025-10-13,2025-10-14,605338,买入,3500,27.80942969805,29.199901182952498,信号入场,"MaVolume,TurtleBreakout,ComprehensiveTrend",0,0.0
2025-10-13,2025-10-14,600460,买入,100,368.40684720839994,11.052205416251997,信号入场,"TurtleBreakout,ComprehensiveTrend",0,0.0
2025-10-13,2025-10-14,002957,买入,200,21.983079518399997,5.0,信号入场,"TurtleBreakout,ComprehensiveTrend",0,0.0
2025-09-01,2025-10-15,601899,卖出,1400,65.13647668164,72.9528538834368,移动止盈,TurtleBreakout,25,16128.424010291565
2025-09-22,2025-10-15,600489,卖出,400,263.3695993674,84.27827179756798,移动止盈,"TurtleBreakout,ComprehensiveTrend",10,20315.823232553186
2025-10-14,2025-10-15,002432,买入,700,133.54253638726,28.043932641324595,信号入场,"MaVolume,ComprehensiveTrend",0,0.0
2025-10-14,2025-10-15,002600,买入,800,67.7610575642,16.262653815407997,信号入场,ComprehensiveTrend,0,0.0
2025-09-23,2025-10-17,300001,卖出,500,208.00962891324,83.20385156529599,移动止盈,"MaVolume,ComprehensiveTrend",11,5983.407336268836
2025-09-26,2025-10-17,600893,卖出,700,133.51361628645,74.76762512041199,移动止盈,"MaVolume,ComprehensiveTrend",8,4723.924656600371
2025-10-16,2025-10-17,688336,买入,1000,60.396275939999995,18.118882781999996,信号入场,"TurtleBreakout,ComprehensiveTrend",0,0.0
2025-10-16,2025-10-17,688008,买入,400,147.49006307035,17.698807568442,信号入场,ComprehensiveTrend,0,0.0
2025-09-23,2025-10-20,601567,卖出,700,139.95051127812002,78.3722863157472,移动止盈,"MaVolume,ComprehensiveTrend",12,1175.9097352267563
2025-10-13,2025-10-20,600460,卖出,100,362.49695936082,28.999756748865597,初始止损,"TurtleBreakout,ComprehensiveTrend",4,-631.040746923114
2025-10-13,2025-10-20,002957,卖出,200,20.620698310349997,7.062069831035,初始止损,"TurtleBreakout,ComprehensiveTrend",4,-284.53831144103424
2025-10-17,2025-10-20,603313,买入,5700,17.260408565399995,29.51529864683399,信号入场,"MaVolume,TurtleBreakout,ComprehensiveTrend",0,0.0
2025-10-17,2025-10-20,003023,买入,2900,34.39814653275,29.926387483492494,信号入场,"MaVolume,TurtleBreakout,ComprehensiveTrend",0,0.0
2025-10-17,2025-10-20,000592,买入,3800,18.80154321045,21.433759259912996,信号入场,"TurtleBreakout,ComprehensiveTrend",0,0.0
2025-09-22,2025-10-22,301117,卖出,1300,54.584857103400005,56.768251387536004,时间止损,"MaVolume,TurtleBreakout,ComprehensiveTrend",15,977.5173590154009
2025-10-21,2025-10-22,600150,买入,700,91.63147593599999,19.242609946559995,信号入场,"MaVolume,ComprehensiveTrend",0,0.0
2025-10-21,2025-10-23,600150,卖出,700,90.50850977112,50.684765471827205,跌破MA60,"MaVolume,ComprehensiveTrend",1,-856.0036908343754
2025-10-22,2025-10-23,688289,买入,2100,37.856199501119995,23.849405685705598,信号入场,"MaVolume,ComprehensiveTrend",0,0.0
2025-10-10,2025-10-24,600496,卖出,2600,36.41215608531,75.7372846574448,移动止盈,"MaVolume,TurtleBreakout,ComprehensiveTrend",9,10350.212093978756
2025-10-17,2025-10-24,603313,卖出,5700,17.6261020542,80.375025367152,移动止盈,"MaVolume,TurtleBreakout,ComprehensiveTrend",4,1974.5625621460495
2025-10-23,2025-10-24,002290,买入,600,114.15810658251999,20.5484591848536,信号入场,"MaVolume,TurtleBreakout,ComprehensiveTrend",0,0.0
2025-10-23,2025-10-24,000025,买入,2500,39.343256752799995,29.50744256459999,信号入场,"MaVolume,TurtleBreakout,ComprehensiveTrend",0,0.0
2025-10-23,2025-10-28,000025,卖出,2500,36.499532731200006,72.99906546240001,初始止损,"MaVolume,TurtleBreakout,ComprehensiveTrend",2,-7211.816562026972
2025-10-27,2025-10-28,601985,买入,7600,11.644863550319998,26.550288894729594,信号入场,"TurtleBreakout,ComprehensiveTrend",0,0.0
2025-10-14,2025-11-03,002600,卖出,800,67.84523470215,43.420950209376,移动止盈,ComprehensiveTrend,13,7.658106335220509
2025-10-16,2025-11-03,688008,卖出,400,137.98532455199998,44.15530385663999,移动止盈,ComprehensiveTrend,11,-3863.749518765093
2025-10-27,2025-11-03,601985,卖出,7600,11.131234343280001,67.6779048071424,跌破MA60,"TurtleBreakout,ComprehensiveTrend",4,-3997.8101672058547
2025-10-31,2025-11-03,300491,买入,700,65.17611500399998,13.686984150839994,信号入场,"MaVolume,TurtleBreakout,ComprehensiveTrend",0,0.0
2025-10-31,2025-11-03,002611,买入,600,139.53908316347997,25.117034969426395,信号入场,"MaVolume,ComprehensiveTrend",0,0.0
2025-10-31,2025-11-03,600039,买入,100,112.09346712563999,5.0,信号入场,"TurtleBreakout,ComprehensiveTrend",0,0.0
2025-10-14,2025-11-05,002432,卖出,700,132.80620125960002,74.37147270537601,时间止损,"MaVolume,ComprehensiveTrend",15,-617.8499947086675
2025-10-16,2025-11-05,688336,卖出,1000,74.99289738465,59.99431790772,移动止盈,"TurtleBreakout,ComprehensiveTrend",13,14518.508243960285
2025-10-31,2025-11-05,300491,卖出,700,51.8634061785,29.043507459959997,初始止损,"MaVolume,TurtleBreakout,ComprehensiveTrend",2,-9361.626669460784
2025-11-04,2025-11-05,600622,买入,100,562.41899004291,16.872569701287297,信号入场,"MaVolume,TurtleBreakout,ComprehensiveTrend",0,0.0
2025-11-04,2025-11-05,603823,买入,2100,37.040521518,23.335528556339995,信号入场,"MaVolume,ComprehensiveTrend",0,0.0
2025-11-04,2025-11-05,000567,买入,500,99.63372969549998,14.945059454324996,信号入场,"TurtleBreakout,ComprehensiveTrend",0,0.0
2025-10-17,2025-11-07,000592,卖出,3800,41.692284631350006,126.74454527930402,移动止盈,"TurtleBreakout,ComprehensiveTrend",14,86836.6390948808
2025-11-04,2025-11-07,000567,卖出,500,103.92525891179999,41.57010356471999,移动止盈,"TurtleBreakout,ComprehensiveTrend",2,2089.2494451309612
2025-11-06,2025-11-07,601877,买入,1500,66.17299388699999,29.777847249149993,信号入场,"MaVolume,TurtleBreakout,ComprehensiveTrend",0,0.0
2025-11-06,2025-11-07,601567,买入,500,156.3343009228,23.450145138419998,信号入场,"MaVolume,TurtleBreakout,ComprehensiveTrend",0,0.0
2025-10-31,2025-11-10,002611,卖出,600,141.71451840522002,68.0229688345056,移动止盈,"MaVolume,ComprehensiveTrend",5,1212.121141240088
2025-11-04,2025-11-10,600622,卖出,100,544.62313887282,43.569851109825606,跌破MA60,"MaVolume,TurtleBreakout,ComprehensiveTrend",3,-1840.0275378200968
2025-11-07,2025-11-10,601158,买入,11100,8.98915772755,29.9338952327415,信号入场,"MaVolume,TurtleBreakout,ComprehensiveTrend",0,0.0
2025-11-07,2025-11-10,600438,买入,200,300.2278270992,18.013669625951998,信号入场,"TurtleBreakout,ComprehensiveTrend",0,0.0
2025-10-23,2025-11-11,002290,卖出,600,101.74598339877001,48.8380720314096,初始止损,"MaVolume,TurtleBreakout,ComprehensiveTrend",12,-7516.660441466258
2025-11-10,2025-11-11,600702,买入,400,175.11797395092,21.014156874110398,信号入场,"MaVolume,TurtleBreakout,ComprehensiveTrend",0,0.0
2025-11-06,2025-11-12,601877,卖出,1500,66.10081718583001,79.32098062299602,移动止盈,"MaVolume,TurtleBreakout,ComprehensiveTrend",3,-217.3638796271116
2025-11-11,2025-11-12,688170,买入,1600,39.19552062425999,18.813849899644794,信号入场,"MaVolume,TurtleBreakout,ComprehensiveTrend",0,0.0
2025-10-13,2025-11-13,605338,卖出,3500,34.28934817814999,96.01017489881998,移动止盈,"MaVolume,TurtleBreakout,ComprehensiveTrend",22,22554.504604268208
2025-10-22,2025-11-13,688289,卖出,2100,37.64330365536,63.240750141004796,时间止损,"MaVolume,ComprehensiveTrend",15,-534.171431922703
2025-11-04,2025-11-13,603823,卖出,2100,33.0644935089,55.548349094952,初始止损,"MaVolume,ComprehensiveTrend",6,-8428.542696761288
2025-11-06,2025-11-13,601567,卖出,500,159.13065259746,63.652261038983994,移动止盈,"MaVolume,TurtleBreakout,ComprehensiveTrend",4,1311.073431152603
2025-11-07,2025-11-13,600438,卖出,200,276.38477205651,44.22156352904159,初始止损,"TurtleBreakout,ComprehensiveTrend",3,-4830.846241692998
2025-11-11,2025-11-13,688170,卖出,1600,36.39987411957,46.591838873049596,跌破MA60,"MaVolume,TurtleBreakout,ComprehensiveTrend",1,-4538.440096276681
2025-11-12,2025-11-13,000333,买入,200,444.41327090159996,26.664796254095997,信号入场,"TurtleBreakout,ComprehensiveTrend",0,0.0
2025-11-12,2025-11-13,688235,买入,300,303.62332,27.326098799999997,信号入场,"MaVolume,ComprehensiveTrend",0,0.0
2025-11-12,2025-11-13,300975,买入,3300,23.50143591796,23.266421558780397,信号入场,"TurtleBreakout,ComprehensiveTrend",0,0.0
2025-11-12,2025-11-13,002077,买入,3000,28.071484000559998,25.264335600503998,信号入场,"TurtleBreakout,ComprehensiveTrend",0,0.0
2025-11-12,2025-11-13,000061,买入,300,232.64510730460995,20.938059657414893,信号入场,"MaVolume,ComprehensiveTrend",0,0.0
2025-11-12,2025-11-13,000410,买入,5200,18.829586475699998,29.37415490209199,信号入场,"TurtleBreakout,ComprehensiveTrend",0,0.0
2025-10-17,2025-11-18,003023,卖出,2900,38.604564542249996,89.56258973802,移动止盈,"MaVolume,TurtleBreakout,ComprehensiveTrend",21,12079.1232503285
2025-11-12,2025-11-18,300975,卖出,3300,21.148476793559997,55.83197873499839,初始止损,"TurtleBreakout,ComprehensiveTrend",3,-7843.863510813797
2025-11-17,2025-11-18,600333,买入,4300,17.7890494782,22.947873826877995,信号入场,"MaVolume,TurtleBreakout,ComprehensiveTrend",0,0.0
2025-11-17,2025-11-18,603909,买入,2300,37.272909674,25.718307675059997,信号入场,"MaVolume,TurtleBreakout,ComprehensiveTrend",0,0.0
2025-11-12,2025-11-19,688235,卖出,300,283.5162,68.043888,跌破MA60,"MaVolume,ComprehensiveTrend",4,-6127.505986799995
2025-11-18,2025-11-19,002813,买入,3400,28.815781995,29.392097634899994,信号入场,"MaVolume,TurtleBreakout,ComprehensiveTrend",0,0.0
2025-11-10,2025-11-20,600702,卖出,400,164.68682820012,52.69978502403839,跌破MA60,"MaVolume,TurtleBreakout,ComprehensiveTrend",7,-4246.172242218148
2025-11-12,2025-11-20,000410,卖出,5200,17.4031822971,72.397238355936,初始止损,"TurtleBreakout,ComprehensiveTrend",5,-7519.073121978014
2025-11-17,2025-11-20,600333,卖出,4300,15.458376749400003,53.176816017936005,初始止损,"MaVolume,TurtleBreakout,ComprehensiveTrend",2,-10098.017423684796
2025-11-19,2025-11-20,601012,买入,100,418.61340200679996,12.558402060203997,信号入场,ComprehensiveTrend,0,0.0
2025-11-19,2025-11-20,601600,买入,7200,12.1154434401,26.169357830615997,信号入场,ComprehensiveTrend,0,0.0
2025-11-19,2025-11-20,300456,买入,400,167.74068010699997,20.128881612839994,信号入场,ComprehensiveTrend,0,0.0
2025-11-17,2025-11-21,603909,卖出,2300,34.0100007552,62.578401389568,初始止损,"MaVolume,TurtleBreakout,ComprehensiveTrend",3,-7592.987222304626
2025-11-18,2025-11-21,002813,卖出,3400,29.7975397329,81.04930807348799,移动止盈,"MaVolume,TurtleBreakout,ComprehensiveTrend",2,3227.534903151609
2025-11-20,2025-11-21,000786,买入,400,233.49873508961997,28.019848210754397,信号入场,"TurtleBreakout,ComprehensiveTrend",0,0.0
2025-11-20,2025-11-21,600343,买入,2100,42.560817899599996,26.813315276747996,信号入场,"TurtleBreakout,ComprehensiveTrend",0,0.0
2025-10-31,2025-11-24,600039,卖出,100,108.32932997226,10.416466498613001,时间止损,"TurtleBreakout,ComprehensiveTrend",15,-391.8301818366108
2025-11-07,2025-11-24,601158,卖出,11100,8.63824571739,76.70762197042319,跌破MA60,"MaVolume,TurtleBreakout,ComprehensiveTrend",10,-4001.7648299791617
2025-11-12,2025-11-24,002077,卖出,3000,24.43271530752,58.638516738048,初始止损,"TurtleBreakout,ComprehensiveTrend",7,-11000.208931458546
2025-11-19,2025-11-24,601012,卖出,100,374.81692266522,29.985353813217596,初始止损,ComprehensiveTrend,2,-4422.191690031417
2025-11-20,2025-11-24,600343,卖出,2100,45.584344065959996,76.58169803081279,移动止盈,"TurtleBreakout,ComprehensiveTrend",1,6246.009936048431
2025-11-21,2025-11-24,001296,买入,2000,49.65234598324,29.791407589943997,信号入场,"MaVolume,ComprehensiveTrend",0,0.0
2025-11-21,2025-11-24,603169,买入,3900,16.9097200272,19.784372431823996,信号入场,ComprehensiveTrend,0,0.0
2025-11-21,2025-11-24,603533,买入,4400,22.53249566568,29.742894278697595,信号入场,ComprehensiveTrend,0,0.0
2025-11-21,2025-11-24,600313,买入,4800,20.584371307499996,29.64149468279999,信号入场,ComprehensiveTrend,0,0.0
2025-11-21,2025-11-24,002307,买入,800,24.135487245869996,5.792516939008798,信号入场,ComprehensiveTrend,0,0.0
2025-11-21,2025-11-25,002307,卖出,800,23.330596499549998,14.931581759711996,初始止损,ComprehensiveTrend,1,-664.636695754718
2025-11-19,2025-11-26,300456,卖出,400,204.52338158030997,65.4474821056992,移动止盈,ComprehensiveTrend,4,14627.504225605473
2025-11-21,2025-11-26,603169,卖出,3900,17.5100012712,54.63120396614399,移动止盈,ComprehensiveTrend,2,2266.681275202034
2025-11-25,2025-11-26,300565,买入,5900,16.69558866976,29.551191945475196,信号入场,"MaVolume,ComprehensiveTrend",0,0.0
2025-11-25,2025-11-26,600033,买入,1700,28.30442860245,14.435258587249498,信号入场,"MaVolume,ComprehensiveTrend",0,0.0
2025-11-25,2025-11-26,601857,买入,100,17.632232618,5.0,信号入场,ComprehensiveTrend,0,0.0
2025-11-20,2025-11-27,000786,卖出,400,231.08019924924002,73.94566375975681,跌破MA60,"TurtleBreakout,ComprehensiveTrend",4,-1069.3798481224949
2025-11-21,2025-11-27,001296,卖出,2000,49.93846818336,79.901549093376,移动止盈,"MaVolume,ComprehensiveTrend",3,462.55144355668745
2025-11-26,2025-11-27,300749,买入,5000,19.92910637718,29.893659565769997,信号入场,"MaVolume,TurtleBreakout,ComprehensiveTrend",0,0.0
2025-11-26,2025-11-27,000785,买入,5900,16.728279567999998,29.609054835359995,信号入场,"TurtleBreakout,ComprehensiveTrend",0,0.0
2025-11-21,2025-11-28,603533,卖出,4400,24.402617855099997,85.89721484995198,移动止盈,ComprehensiveTrend,4,8112.897524319356
2025-11-27,2025-11-28,300509,买入,1700,56.82385948239,28.980168336018895,信号入场,"MaVolume,ComprehensiveTrend",0,0.0
2025-11-12,2025-12-01,000061,卖出,300,218.05351304517,52.3328431308408,初始止损,"MaVolume,ComprehensiveTrend",12,-4450.749180620238
2025-11-25,2025-12-01,600033,卖出,1700,26.845996580549997,36.510555349548,初始止损,"MaVolume,ComprehensiveTrend",3,-2530.2802511667905
2025-11-27,2025-12-01,300509,卖出,1700,59.19876913283999,80.51032602066239,移动止盈,"MaVolume,ComprehensiveTrend",1,3927.855911408318
2025-11-28,2025-12-01,300898,买入,3100,31.487613357199997,29.283480422195996,信号入场,"MaVolume,TurtleBreakout,ComprehensiveTrend",0,0.0
2025-11-28,2025-12-01,603712,买入,4400,22.460061623999998,29.647281343679996,信号入场,"MaVolume,ComprehensiveTrend",0,0.0
2025-11-28,2025-12-01,002519,买入,400,67.73652105219999,8.128382526263998,信号入场,"MaVolume,ComprehensiveTrend",0,0.0
2025-11-28,2025-12-05,300898,卖出,3100,28.770298502400003,71.350340285952,初始止损,"MaVolume,TurtleBreakout,ComprehensiveTrend",4,-8524.309870588128
2025-11-28,2025-12-05,002519,卖出,400,71.31027482352,22.8192879435264,移动止盈,"MaVolume,ComprehensiveTrend",4,1398.5538380582148
2025-12-04,2025-12-05,002925,买入,2300,42.16065854,29.090854392599997,信号入场,"MaVolume,TurtleBreakout,ComprehensiveTrend",0,0.0
2025-12-04,2025-12-05,002683,买入,300,124.64984084552998,11.218485676097696,信号入场,"TurtleBreakout,ComprehensiveTrend",0,0.0
2025-12-04,2025-12-09,002683,卖出,300,114.29999646911999,27.431999152588798,跌破MA60,"TurtleBreakout,ComprehensiveTrend",2,-3143.6037977516826
2025-12-08,2025-12-09,603738,买入,100,90.87696804186,5.0,信号入场,"TurtleBreakout,ComprehensiveTrend",0,0.0
2025-11-12,2025-12-10,000333,卖出,200,450.7096208184,72.11353933094401,时间止损,"TurtleBreakout,ComprehensiveTrend",19,1160.4916477749648
2025-11-26,2025-12-10,300749,卖出,5000,22.58614059066,90.34456236264,移动止盈,"MaVolume,TurtleBreakout,ComprehensiveTrend",9,13164.932845471587
2025-12-09,2025-12-10,301396,买入,700,120.51176086949998,25.307469782594993,信号入场,"MaVolume,ComprehensiveTrend",0,0.0
2025-12-09,2025-12-10,605179,买入,4200,23.25690774407,29.303703757528194,信号入场,"MaVolume,ComprehensiveTrend",0,0.0
2025-11-19,2025-12-11,601600,卖出,7200,11.764446577200001,67.76321228467201,时间止损,ComprehensiveTrend,15,-2621.1099829952727
2025-12-08,2025-12-11,603738,卖出,100,83.34439975241999,9.167219987621,初始止损,"TurtleBreakout,ComprehensiveTrend",2,-767.4240489316217
2025-12-10,2025-12-11,000886,买入,4000,18.460959917399997,22.153151900879994,信号入场,"TurtleBreakout,ComprehensiveTrend",0,0.0
2025-12-10,2025-12-11,000505,买入,1300,41.60247811719999,16.224966465707993,信号入场,"MaVolume,ComprehensiveTrend",0,0.0
2025-12-09,2025-12-12,301396,卖出,700,115.1530641675,64.4857159338,跌破MA60,"MaVolume,ComprehensiveTrend",2,-3840.880877116375
2025-12-09,2025-12-12,605179,卖出,4200,21.586832818739996,72.53175827096639,跌破MA60,"MaVolume,ComprehensiveTrend",2,-7116.150148414497
2025-12-11,2025-12-12,002202,买入,600,141.42543236822,25.456577826279595,信号入场,"TurtleBreakout,ComprehensiveTrend",0,0.0
2025-12-11,2025-12-12,300423,买入,2800,27.501274560759995,23.101070631038393,信号入场,"MaVolume,ComprehensiveTrend",0,0.0
2025-11-21,2025-12-15,600313,卖出,4800,20.451259019250003,78.53283463392,时间止损,ComprehensiveTrend,15,-747.1133129166992
2025-11-25,2025-12-15,300565,卖出,5900,15.699934290060002,74.1036898490832,跌破MA60,"MaVolume,ComprehensiveTrend",13,-5978.0157220245455
2025-11-26,2025-12-15,000785,卖出,5900,15.338399346900001,72.397244917368,跌破MA60,"TurtleBreakout,ComprehensiveTrend",12,-8302.299604242711
2025-11-28,2025-12-15,603712,卖出,4400,20.7340473978,72.98384684025599,初始止损,"MaVolume,ComprehensiveTrend",10,-7697.093723463942
2025-12-04,2025-12-15,002925,卖出,2300,39.530797961670004,72.7366682494728,跌破MA60,"MaVolume,TurtleBreakout,ComprehensiveTrend",6,-6150.506852801074
2025-12-12,2025-12-15,688012,买入,300,281.77781632,25.360003468799995,信号入场,"MaVolume,ComprehensiveTrend",0,0.0
2025-12-12,2025-12-15,601179,买入,8900,11.234322539439999,29.995641180304794,信号入场,"MaVolume,ComprehensiveTrend",0,0.0
2025-12-12,2025-12-15,688234,买入,800,88.73864999999999,21.297275999999997,信号入场,"MaVolume,ComprehensiveTrend",0,0.0
2025-12-12,2025-12-15,688019,买入,100,643.1852396969999,19.295557190909996,信号入场,"TurtleBreakout,ComprehensiveTrend",0,0.0
2025-12-12,2025-12-15,300128,买入,1000,75.48038694195999,22.644116082587995,信号入场,"TurtleBreakout,ComprehensiveTrend",0,0.0
2025-12-10,2025-12-16,000886,卖出,4000,16.67265048018,53.35248153657599,初始止损,"TurtleBreakout,ComprehensiveTrend",3,-7228.743382317451
2025-12-10,2025-12-16,000505,卖出,1300,38.055509197199996,39.57772956508799,初始止损,"MaVolume,ComprehensiveTrend",3,-4666.86229203079
2025-12-12,2025-12-16,688012,卖出,300,274.18445308799994,65.80426874111998,跌破MA60,"MaVolume,ComprehensiveTrend",1,-2369.1732418099273
2025-12-15,2025-12-16,301511,买入,1400,48.893393749199994,20.535225374663998,信号入场,"TurtleBreakout,ComprehensiveTrend",0,0.0
2025-12-15,2025-12-16,601208,买入,1000,66.31889776511998,19.89566932953599,信号入场,"TurtleBreakout,ComprehensiveTrend",0,0.0
2025-12-15,2025-12-16,600737,买入,300,263.7193596037,23.734742364332998,信号入场,"MaVolume,ComprehensiveTrend",0,0.0
2025-11-25,2025-12-17,601857,卖出,100,17.1121879827,5.855609399135,时间止损,ComprehensiveTrend,15,-62.86007292913496
2025-12-11,2025-12-17,300423,卖出,2800,31.468633496370007,70.48973903186881,移动止盈,"MaVolume,ComprehensiveTrend",3,11015.014210045134
2025-12-12,2025-12-17,688019,卖出,100,619.2630957213,49.541047657704,跌破MA60,"TurtleBreakout,ComprehensiveTrend",2,-2461.051002418608
2025-12-15,2025-12-17,600737,卖出,300,242.50298799627,58.200717119104795,初始止损,"MaVolume,ComprehensiveTrend",1,-6446.846941712443
2025-12-16,2025-12-17,000716,买入,4100,24.0986050305,29.641284187514998,信号入场,"MaVolume,ComprehensiveTrend",0,0.0
2025-12-16,2025-12-17,600198,买入,7300,13.593347217449999,29.769430406215495,信号入场,"TurtleBreakout,ComprehensiveTrend",0,0.0
2025-12-16,2025-12-17,000656,买入,14000,7.11205622127,29.870636129333995,信号入场,"MaVolume,ComprehensiveTrend",0,0.0
2025-12-16,2025-12-17,600650,买入,800,57.673693197119995,13.841686367308796,信号入场,"TurtleBreakout,ComprehensiveTrend",0,0.0
2025-12-16,2025-12-18,600198,卖出,7300,12.07837048905,70.537683656052,初始止损,"TurtleBreakout,ComprehensiveTrend",1,-11159.63723138225
2025-12-17,2025-12-18,300684,买入,500,158.41045876655997,23.761568814983995,信号入场,"TurtleBreakout,ComprehensiveTrend",0,0.0
2025-12-16,2025-12-19,600650,卖出,800,53.20325061288,34.0500803922432,初始止损,"TurtleBreakout,ComprehensiveTrend",2,-3624.245834151545
2025-12-18,2025-12-19,688568,买入,300,170.35947034106,15.332352330695397,信号入场,"TurtleBreakout,ComprehensiveTrend",0,0.0
2025-12-15,2025-12-22,301511,卖出,1400,50.057662529699996,56.064582033264,移动止盈,"TurtleBreakout,ComprehensiveTrend",4,1553.3764852920722
2025-12-15,2025-12-22,601208,卖出,1000,68.22479746944,54.579837975552,移动止盈,"TurtleBreakout,ComprehensiveTrend",4,1831.4241970149305
2025-12-19,2025-12-22,002046,买入,400,168.05016762533998,20.166020115040794,信号入场,"TurtleBreakout,ComprehensiveTrend",0,0.0
2025-12-19,2025-12-22,000417,买入,500,122.83977641935998,18.425966462903993,信号入场,"TurtleBreakout,ComprehensiveTrend",0,0.0
2025-12-19,2025-12-24,002046,卖出,400,167.63373234611998,53.64279435075839,移动止盈,"TurtleBreakout,ComprehensiveTrend",2,-240.38292615379032
2025-12-23,2025-12-24,300757,买入,100,422.15544520148995,12.664663356044697,信号入场,"MaVolume,ComprehensiveTrend",0,0.0
2025-12-23,2025-12-26,300757,卖出,100,457.0961044319101,36.56768835455281,移动止盈,"MaVolume,ComprehensiveTrend",2,3444.8335713314154
2025-12-25,2025-12-26,603268,买入,400,127.37362457819998,15.284834949383995,信号入场,"MaVolume,TurtleBreakout,ComprehensiveTrend",0,0.0
2025-12-12,2025-12-29,300128,卖出,1000,75.13055563860001,60.10444451088001,移动止盈,"TurtleBreakout,ComprehensiveTrend",10,-432.57986395346234
2025-12-17,2025-12-29,300684,卖出,500,170.57150621154,68.228602484616,移动止盈,"TurtleBreakout,ComprehensiveTrend",7,5988.533551190412
2025-12-26,2025-12-29,603660,买入,4300,22.304576734439998,28.772903987427593,信号入场,"MaVolume,TurtleBreakout,ComprehensiveTrend",0,0.0
2025-12-26,2025-12-29,301043,买入,800,72.11475031760999,17.307540076226395,信号入场,"MaVolume,ComprehensiveTrend",0,0.0
2025-12-16,2025-12-30,000716,卖出,4100,21.803406068700003,71.515171905336,初始止损,"MaVolume,ComprehensiveTrend",9,-9511.472199472846
2025-12-29,2025-12-30,301550,买入,200,260.85330755483994,15.651198453290396,信号入场,"MaVolume,TurtleBreakout,RpsBreakout,ComprehensiveTrend",0,0.0
2025-12-11,2025-12-31,002202,卖出,600,164.47087608840002,78.94602052243201,移动止盈,"TurtleBreakout,ComprehensiveTrend",13,13722.863633759305
2025-12-30,2025-12-31,001335,买入,2000,49.99899879975,29.999399279849996,信号入场,"MaVolume,TurtleBreakout,ComprehensiveTrend",0,0.0
2025-12-25,2026-01-06,603268,卖出,400,117.491915475,37.597412952,初始止损,"MaVolume,TurtleBreakout,ComprehensiveTrend",5,-4005.5658891813728
2026-01-05,2026-01-06,688020,买入,900,76.141923858,20.55831944166,信号入场,"TurtleBreakout,RpsBreakout,ComprehensiveTrend",0,0.0
2025-12-12,2026-01-07,601179,卖出,8900,11.45919714219,81.5894836523928,时间止损,"MaVolume,ComprehensiveTrend",15,1889.798839642317
2025-12-12,2026-01-07,688234,卖出,800,90.91899,58.18815359999999,时间止损,"MaVolume,ComprehensiveTrend",15,1664.7865703999996
2026-01-06,2026-01-07,688221,买入,2800,23.5235,19.75974,信号入场,"MaVolume,TurtleBreakout,ComprehensiveTrend",0,0.0
2026-01-06,2026-01-07,002036,买入,1400,67.03666179209999,28.155397952681994,信号入场,"MaVolume,TurtleBreakout,ComprehensiveTrend",0,0.0
2025-12-18,2026-01-08,688568,卖出,300,193.64590595430002,46.47501742903201,移动止盈,"TurtleBreakout,ComprehensiveTrend",12,6924.12331421228
2026-01-07,2026-01-08,688652,买入,600,112.96508588364999,20.333715459057,信号入场,"MaVolume,TurtleBreakout,ComprehensiveTrend",0,0.0
2025-12-16,2026-01-09,000656,卖出,14000,6.91228170909,77.417555141808,时间止损,"MaVolume,ComprehensiveTrend",15,-2904.131361791122
2025-12-29,2026-01-09,301550,卖出,200,368.03807316035994,58.88609170565759,移动止盈,"MaVolume,TurtleBreakout,RpsBreakout,ComprehensiveTrend",6,21362.415830945043
2025-12-30,2026-01-09,001335,卖出,2000,47.02049931312,75.232798900992,初始止损,"MaVolume,TurtleBreakout,ComprehensiveTrend",5,-6062.231171440857
2026-01-05,2026-01-09,688020,卖出,900,80.8161708321,58.187642999112,移动止盈,"TurtleBreakout,RpsBreakout,ComprehensiveTrend",3,4128.076314249236
2026-01-08,2026-01-09,301369,买入,300,220.79025688719997,19.871123119847997,信号入场,"TurtleBreakout,RpsBreakout,ComprehensiveTrend",0,0.0
2026-01-08,2026-01-09,002222,买入,400,192.13028780946,23.055634537135198,信号入场,"TurtleBreakout,RpsBreakout,ComprehensiveTrend",0,0.0
2026-01-08,2026-01-09,688378,买入,800,113.87490864749999,27.329978075399996,信号入场,"TurtleBreakout,RpsBreakout,ComprehensiveTrend",0,0.0
2026-01-08,2026-01-09,002446,买入,1500,57.134535377919995,25.710540920063995,信号入场,"TurtleBreakout,ComprehensiveTrend",0,0.0
2025-12-19,2026-01-14,000417,卖出,500,114.67108868544,45.868435474175996,时间止损,"TurtleBreakout,ComprehensiveTrend",15,-4148.63826889707
2026-01-06,2026-01-14,688221,卖出,2800,26.3736,59.076864,移动止盈,"MaVolume,TurtleBreakout,ComprehensiveTrend",5,7901.443396000002
2026-01-07,2026-01-14,688652,卖出,600,113.41110560976,54.4373306926848,移动止盈,"MaVolume,TurtleBreakout,ComprehensiveTrend",4,192.8407895142591
2026-01-08,2026-01-14,002222,卖出,400,213.75404598600002,68.40129471552001,移动止盈,"TurtleBreakout,RpsBreakout,ComprehensiveTrend",3,8558.04634136337
2026-01-08,2026-01-14,002446,卖出,1500,61.19260342272,73.431124107264,移动止盈,"TurtleBreakout,ComprehensiveTrend",3,5987.960402172685
2026-01-13,2026-01-14,601126,买入,600,114.09012449835,20.536222409702997,信号入场,"TurtleBreakout,ComprehensiveTrend",0,0.0
2026-01-13,2026-01-14,603926,买入,2500,39.00516599979999,29.25387449984999,信号入场,"TurtleBreakout,ComprehensiveTrend",0,0.0
2026-01-13,2026-01-14,301097,买入,1400,59.23534737119999,24.878845895903993,信号入场,"MaVolume,ComprehensiveTrend",0,0.0
2026-01-13,2026-01-14,000739,买入,500,190.33841076249996,28.55076161437499,信号入场,"MaVolume,ComprehensiveTrend",0,0.0
2026-01-13,2026-01-14,603190,买入,1800,29.376664316999996,15.863398731179997,信号入场,"TurtleBreakout,ComprehensiveTrend",0,0.0
2026-01-06,2026-01-15,002036,卖出,1400,63.4476522366,71.061370504992,初始止损,"MaVolume,TurtleBreakout,ComprehensiveTrend",6,-5123.830146157663
2026-01-14,2026-01-15,688109,买入,200,225.85709746599997,13.551425847959997,信号入场,"MaVolume,ComprehensiveTrend",0,0.0
2025-12-26,2026-01-16,603660,卖出,4300,22.702797197280002,78.0976223586432,移动止盈,"MaVolume,TurtleBreakout,ComprehensiveTrend",12,1605.4774638659437
2026-01-13,2026-01-16,301097,卖出,1400,56.34848786724,63.110306411308805,跌破MA60,"MaVolume,ComprehensiveTrend",2,-4129.592457851191
2026-01-14,2026-01-16,688109,卖出,200,219.07594466010002,35.05215114561601,跌破MA60,"MaVolume,ComprehensiveTrend",1,-1404.8341381735663
2026-01-15,2026-01-16,301075,买入,1200,67.23294409831999,24.203859875395196,信号入场,"TurtleBreakout,ComprehensiveTrend",0,0.0
2026-01-15,2026-01-16,601208,买入,800,92.24656180739998,22.139174833775996,信号入场,"HighTightFlag,ComprehensiveTrend",0,0.0
2026-01-15,2026-01-16,300054,买入,100,602.58570508136,18.077571152440797,信号入场,"TurtleBreakout,ComprehensiveTrend",0,0.0
2025-12-26,2026-01-20,301043,卖出,800,81.26646178041,52.010535539462396,移动止盈,"MaVolume,ComprehensiveTrend",14,7252.051094624323
2026-01-19,2026-01-20,603699,买入,1100,79.996988071,26.39900606343,信号入场,"TurtleBreakout,RpsBreakout,ComprehensiveTrend",0,0.0
2026-01-15,2026-01-21,601208,卖出,800,81.77111898804,52.3335161523456,初始止损,"HighTightFlag,ComprehensiveTrend",3,-8454.82694647411
2026-01-20,2026-01-21,002584,买入,2200,28.059700999329998,18.519402659557795,信号入场,"MaVolume,TurtleBreakout,ComprehensiveTrend",0,0.0
2026-01-13,2026-01-23,601126,卖出,600,119.1026905875,57.169291482000006,移动止盈,"TurtleBreakout,ComprehensiveTrend",7,2929.8341395983007
2026-01-22,2026-01-23,001288,买入,1200,51.243769777199994,18.447757119791998,信号入场,"MaVolume,TurtleBreakout,ComprehensiveTrend",0,0.0
2026-01-08,2026-01-26,301369,卖出,300,200.40025981932,48.0960623566368,初始止损,"TurtleBreakout,RpsBreakout,ComprehensiveTrend",11,-6184.966305840484
2026-01-13,2026-01-26,603926,卖出,2500,50.74294101525,101.4858820305,移动止盈,"TurtleBreakout,ComprehensiveTrend",8,29213.697782094678
2026-01-23,2026-01-26,688668,买入,300,208.72674814991998,18.785407333492795,信号入场,"MaVolume,ComprehensiveTrend",0,0.0
2026-01-23,2026-01-26,688127,买入,2000,46.56014338975999,27.936086033855993,信号入场,"TurtleBreakout,ComprehensiveTrend",0,0.0
2026-01-20,2026-01-28,002584,卖出,2200,25.793533437209998,45.3966188494896,初始止损,"MaVolume,TurtleBreakout,ComprehensiveTrend",5,-5049.484658173038
2026-01-27,2026-01-28,688110,买入,300,158.31875339279998,14.248687805351995,信号入场,"MaVolume,ComprehensiveTrend",0,0.0
2026-01-27,2026-01-29,688110,卖出,300,141.90399515879997,34.056958838111996,初始止损,"MaVolume,ComprehensiveTrend",1,-4972.733116843461
2026-01-28,2026-01-29,601600,买入,3700,16.383135678909998,18.185280603590098,信号入场,"TurtleBreakout,RpsBreakout,ComprehensiveTrend",0,0.0
2026-01-19,2026-01-30,603699,卖出,1100,85.36172632650002,75.11831916732001,移动止盈,"TurtleBreakout,RpsBreakout,ComprehensiveTrend",8,5799.694755819262
2026-01-22,2026-01-30,001288,卖出,1200,53.07724494468,50.9541551468928,移动止盈,"MaVolume,TurtleBreakout,ComprehensiveTrend",5,2130.768288709318
2026-01-23,2026-01-30,688668,卖出,300,245.85718790880003,59.00572509811201,移动止盈,"MaVolume,ComprehensiveTrend",4,11061.340795232405
2026-01-23,2026-01-30,688127,卖出,2000,46.05148897344001,73.68238235750401,移动止盈,"TurtleBreakout,ComprehensiveTrend",4,-1118.9273010313336
2026-01-29,2026-01-30,603979,买入,600,138.02722859925998,24.844901147866793,信号入场,"TurtleBreakout,ComprehensiveTrend",0,0.0
2026-01-29,2026-01-30,603196,买入,3000,32.43194979024,29.188754811215997,信号入场,"TurtleBreakout,ComprehensiveTrend",0,0.0
2026-01-29,2026-01-30,603816,买入,1200,80.00964143171998,28.803470915419194,信号入场,"TurtleBreakout,ComprehensiveTrend",0,0.0
2026-01-29,2026-01-30,002970,买入,500,129.91671386694,19.487507080041,信号入场,"TurtleBreakout,ComprehensiveTrend",0,0.0
2026-01-13,2026-02-02,000739,卖出,500,198.6419137455,79.4567654982,移动止盈,"MaVolume,ComprehensiveTrend",13,4043.743964387453
2026-01-15,2026-02-02,300054,卖出,100,572.65825533318,45.8126604266544,初始止损,"TurtleBreakout,ComprehensiveTrend",11,-3056.6352063970844
2026-01-29,2026-02-02,603196,卖出,3000,29.21537703834,70.11690489201601,初始止损,"TurtleBreakout,ComprehensiveTrend",1,-9749.023915403217
2026-01-30,2026-02-02,605289,买入,700,101.8923998092,21.397403959931996,信号入场,"TurtleBreakout,ComprehensiveTrend",0,0.0
2026-01-30,2026-02-02,603391,买入,1300,76.39784820668,29.795160800605196,信号入场,"TurtleBreakout,ComprehensiveTrend",0,0.0
2026-01-30,2026-02-02,300389,买入,1000,97.90685004099998,29.37205501229999,信号入场,"TurtleBreakout,ComprehensiveTrend",0,0.0
2026-01-08,2026-02-03,688378,卖出,800,129.88272726000002,83.1249454464,移动止盈,"TurtleBreakout,RpsBreakout,ComprehensiveTrend",17,12695.799966478211
2026-01-28,2026-02-03,601600,卖出,3700,14.269837977899998,42.238720414583995,初始止损,"TurtleBreakout,RpsBreakout,ComprehensiveTrend",3,-7879.6254947551715
2026-01-29,2026-02-03,603979,卖出,600,120.64398143382,57.9091110882336,初始止损,"TurtleBreakout,ComprehensiveTrend",2,-10512.702311500077
2026-01-29,2026-02-03,603816,卖出,1200,74.34368183007001,71.36993455686721,初始止损,"TurtleBreakout,ComprehensiveTrend",2,-6899.324927452253
2026-01-30,2026-02-03,300389,卖出,1000,90.963909036,72.7711272288,初始止损,"TurtleBreakout,ComprehensiveTrend",1,-7045.084187241082
2026-02-02,2026-02-03,300102,买入,200,212.82690002574,12.769614001544399,信号入场,ComprehensiveTrend,0,0.0
2026-02-02,2026-02-03,605178,买入,600,96.34814321132,17.3426657780376,信号入场,ComprehensiveTrend,0,0.0
2026-02-02,2026-02-03,688335,买入,600,92.49645116711999,16.649361210081594,信号入场,ComprehensiveTrend,0,0.0
2026-02-02,2026-02-03,002047,买入,7400,10.810073193919997,23.99836249050239,信号入场,ComprehensiveTrend,0,0.0
2026-02-02,2026-02-03,000608,买入,2800,30.560871391049997,25.671131968481994,信号入场,ComprehensiveTrend,0,0.0
2026-01-13,2026-02-04,603190,卖出,1800,28.195153822800005,40.601021504832005,时间止损,"TurtleBreakout,ComprehensiveTrend",15,-2183.1833097959898
2026-02-03,2026-02-04,000039,买入,100,549.19055706515,16.475716711954497,信号入场,"MaVolume,TurtleBreakout,ComprehensiveTrend",0,0.0
2026-02-02,2026-02-05,300102,卖出,200,221.27214863772,35.4035437820352,移动止盈,ComprehensiveTrend,2,1640.8765646124157
2026-02-04,2026-02-05,300540,买入,1300,52.00103858949999,20.280405049904996,信号入场,"MaVolume,TurtleBreakout,ComprehensiveTrend",0,0.0
2026-01-15,2026-02-06,301075,卖出,1200,62.756392867920006,60.2461371532032,时间止损,"TurtleBreakout,ComprehensiveTrend",15,-5456.311473508584
2026-01-30,2026-02-06,605289,卖出,700,88.20343592235,49.39392411651599,初始止损,"TurtleBreakout,ComprehensiveTrend",4,-9653.066048871442
2026-02-05,2026-02-06,603016,买入,2500,39.19730861046,29.397981457844995,信号入场,"MaVolume,ComprehensiveTrend",0,0.0
2026-02-05,2026-02-06,002467,买入,900,85.61729002826999,23.116668307632896,信号入场,"TurtleBreakout,ComprehensiveTrend",0,0.0
2026-02-03,2026-02-09,000039,卖出,100,564.71790332349,45.17743226587919,移动止盈,"MaVolume,TurtleBreakout,ComprehensiveTrend",3,1491.0814768561613
2026-02-06,2026-02-09,301387,买入,800,90.21697122437999,21.652073093851197,信号入场,"MaVolume,TurtleBreakout,ComprehensiveTrend",0,0.0
2026-02-06,2026-02-11,301387,卖出,800,88.6528678905,56.73783544992,移动止盈,"MaVolume,TurtleBreakout,ComprehensiveTrend",2,-1329.672575647768
2026-02-10,2026-02-11,002595,买入,200,474.40609866649993,28.46436591998999,信号入场,"TurtleBreakout,RpsBreakout,ComprehensiveTrend",0,0.0
2026-01-30,2026-02-13,603391,卖出,1300,77.25528666072,80.3454981271488,移动止盈,"TurtleBreakout,ComprehensiveTrend",9,1004.5293313242437
2026-02-12,2026-02-13,301291,买入,1500,54.33036809199999,24.448665641399995,信号入场,"MaVolume,TurtleBreakout,ComprehensiveTrend",0,0.0
2026-01-29,2026-02-24,002970,卖出,500,165.36169769508,66.144679078032,移动止盈,"TurtleBreakout,ComprehensiveTrend",11,17636.859727911935
2026-02-13,2026-02-24,000833,买入,2100,35.044200691499995,22.077846435644997,信号入场,"MaVolume,TurtleBreakout,ComprehensiveTrend",0,0.0
2026-02-05,2026-02-26,002467,卖出,900,86.51578984775999,62.291368690387195,移动止盈,"TurtleBreakout,ComprehensiveTrend",8,723.241800542979
2026-02-25,2026-02-26,688409,买入,400,164.11225027196997,19.693470032636395,信号入场,"MaVolume,TurtleBreakout,ComprehensiveTrend",0,0.0
2026-02-02,2026-02-27,605178,卖出,600,101.50307755776001,48.721477227724804,移动止盈,ComprehensiveTrend,12,3026.896464858248
2026-02-26,2026-02-27,600478,买入,1200,66.58303702049999,23.969893327379996,信号入场,"MaVolume,TurtleBreakout,ComprehensiveTrend",0,0.0
2026-02-12,2026-03-02,301291,卖出,1500,59.435452053000006,71.3225424636,移动止盈,"MaVolume,TurtleBreakout,ComprehensiveTrend",5,7561.854733395026
2026-02-27,2026-03-02,002973,买入,5900,16.27268215573,28.802647415642095,信号入场,"MaVolume,TurtleBreakout,ComprehensiveTrend",0,0.0
2026-02-02,2026-03-04,688335,卖出,600,77.5933608681,37.244813216688,时间止损,ComprehensiveTrend,15,-8995.74835383876
2026-02-02,2026-03-04,002047,卖出,7400,11.539412556479999,68.31332233436159,移动止盈,ComprehensiveTrend,15,5304.799598119149
2026-02-02,2026-03-04,000608,卖出,2800,27.825854701589996,62.3299145315616,初始止损,ComprehensiveTrend,15,-7746.047776988053
2026-02-26,2026-03-04,600478,卖出,1200,58.83351229529999,56.480171803487984,初始止损,"MaVolume,TurtleBreakout,ComprehensiveTrend",3,-9379.879735370865
2026-02-27,2026-03-04,002973,卖出,5900,15.000541243199999,70.80255466790399,初始止损,"MaVolume,TurtleBreakout,ComprehensiveTrend",2,-7605.236586010535
2026-03-03,2026-03-04,301658,买入,2300,35.70606906866999,24.63718765738229,信号入场,"MaVolume,ComprehensiveTrend",0,0.0
2026-03-03,2026-03-04,603778,买入,400,94.46877595154999,11.336253114185997,信号入场,ComprehensiveTrend,0,0.0
2026-03-03,2026-03-04,002506,买入,2000,25.204675656159996,15.122805393695995,信号入场,ComprehensiveTrend,0,0.0
2026-03-03,2026-03-04,002957,买入,2100,31.685227113539998,19.961693081530196,信号入场,ComprehensiveTrend,0,0.0
2026-03-03,2026-03-04,603095,买入,1500,50.19126152039999,22.586067684179994,信号入场,ComprehensiveTrend,0,0.0
2026-02-05,2026-03-05,603016,卖出,2500,38.144831984999996,76.28966396999999,初始止损,"MaVolume,ComprehensiveTrend",13,-2736.879209077859
2026-02-13,2026-03-05,000833,卖出,2100,35.334740888999995,59.36236469351999,移动止盈,"MaVolume,TurtleBreakout,ComprehensiveTrend",7,528.6942036208493
2026-03-03,2026-03-05,301658,卖出,2300,37.551437113860004,69.09464428950241,移动止盈,"MaVolume,ComprehensiveTrend",1,4150.614671990144
2026-03-04,2026-03-05,002885,买入,800,104.41121114423999,25.058690674617594,信号入场,"TurtleBreakout,ComprehensiveTrend",0,0.0
2026-03-04,2026-03-05,603608,买入,3500,19.4717178656,20.445303758879994,信号入场,"TurtleBreakout,ComprehensiveTrend",0,0.0
2026-03-04,2026-03-05,002162,买入,6400,14.156948866059999,27.181341822835197,信号入场,"TurtleBreakout,ComprehensiveTrend",0,0.0
2026-02-04,2026-03-06,300540,卖出,1300,51.6853153476,53.752727961504,时间止损,"MaVolume,TurtleBreakout,ComprehensiveTrend",15,-484.4733474813984
2026-03-03,2026-03-06,603778,卖出,400,100.01881140966002,32.0060196510912,跌破MA60,ComprehensiveTrend,2,2176.6719104787408
2026-03-05,2026-03-06,300389,买入,900,99.20893602619999,26.786412727073994,信号入场,"MaVolume,TurtleBreakout,ComprehensiveTrend",0,0.0
2026-03-05,2026-03-06,688330,买入,1000,75.3165909496,22.594977284879995,信号入场,"TurtleBreakout,ComprehensiveTrend",0,0.0
2026-03-04,2026-03-09,002162,卖出,6400,12.607793106479999,64.55190070517759,初始止损,"TurtleBreakout,ComprehensiveTrend",2,-10006.330103840024
2026-03-06,2026-03-09,301093,买入,500,116.71010551199998,17.506515826799994,信号入场,"MaVolume,ComprehensiveTrend",0,0.0
2026-02-25,2026-03-10,688409,卖出,400,145.65285638496,46.6089140431872,初始止损,"MaVolume,TurtleBreakout,ComprehensiveTrend",8,-7450.059938879815
2026-03-03,2026-03-10,002957,卖出,2100,28.6896672144,48.19864092019199,初始止损,ComprehensiveTrend,4,-6358.836122195709
2026-03-09,2026-03-10,000973,买入,1600,43.116192439319995,20.695772370873595,信号入场,"MaVolume,ComprehensiveTrend",0,0.0
2026-03-09,2026-03-10,002709,买入,100,648.9258055279998,19.467774165839995,信号入场,"MaVolume,ComprehensiveTrend",0,0.0
2026-02-10,2026-03-12,002595,卖出,200,466.67660445179996,74.66825671228798,时间止损,"TurtleBreakout,RpsBreakout,ComprehensiveTrend",15,-1649.031465572276
2026-03-03,2026-03-12,002506,卖出,2000,29.5334082288,47.25345316607999,移动止盈,ComprehensiveTrend,6,8595.088886720237
2026-03-11,2026-03-12,600433,买入,4700,20.926913217209997,29.50694763626609,信号入场,"MaVolume,TurtleBreakout,ComprehensiveTrend",0,0.0
2026-03-11,2026-03-12,301107,买入,2000,47.9349145275,28.760948716499996,信号入场,"MaVolume,TurtleBreakout,ComprehensiveTrend",0,0.0
2026-03-05,2026-03-13,688330,卖出,1000,82.80960720030001,66.24768576024,移动止盈,"TurtleBreakout,ComprehensiveTrend",5,7404.173587654877
2026-03-12,2026-03-13,002487,买入,200,346.09393612793997,20.765636167676394,信号入场,"TurtleBreakout,RpsBreakout,ComprehensiveTrend",0,0.0
2026-03-04,2026-03-16,002885,卖出,800,95.27368927167001,60.97516113386881,初始止损,"TurtleBreakout,ComprehensiveTrend",7,-7396.051349864472
2026-03-13,2026-03-16,002255,买入,1700,56.513551594499994,28.821911313194995,信号入场,"TurtleBreakout,ComprehensiveTrend",0,0.0
2026-03-03,2026-03-17,603095,卖出,1500,45.0439695414,54.05276344968,初始止损,ComprehensiveTrend,9,-7797.5767996338545
2026-03-04,2026-03-17,603608,卖出,3500,17.4417463944,48.83688990432,初始止损,"TurtleBreakout,ComprehensiveTrend",8,-7174.182342863191
2026-03-05,2026-03-17,300389,卖出,900,91.713611583,66.03380033976,初始止损,"MaVolume,TurtleBreakout,ComprehensiveTrend",7,-6838.61221194682
2026-03-09,2026-03-17,002709,卖出,100,695.80601748,55.6644813984,移动止盈,"MaVolume,ComprehensiveTrend",5,4612.888939635777
2026-03-12,2026-03-17,002487,卖出,200,346.99243202819997,55.518789124512,移动止盈,"TurtleBreakout,RpsBreakout,ComprehensiveTrend",2,103.41475475981133
2026-03-16,2026-03-17,300051,买入,1000,68.94966406328,20.684899218983997,信号入场,"TurtleBreakout,ComprehensiveTrend",0,0.0
2026-03-16,2026-03-17,300279,买入,1200,65.3045349957,23.509632598451994,信号入场,"TurtleBreakout,ComprehensiveTrend",0,0.0
2026-03-16,2026-03-17,688628,买入,2000,47.875808180199996,28.725484908119995,信号入场,"TurtleBreakout,ComprehensiveTrend",0,0.0
2026-03-16,2026-03-17,688359,买入,700,93.50689147799999,19.636447210379995,信号入场,"TurtleBreakout,ComprehensiveTrend",0,0.0
2026-03-16,2026-03-17,002426,买入,3100,23.828895850759995,22.160873141206793,信号入场,"TurtleBreakout,ComprehensiveTrend",0,0.0
2026-03-09,2026-03-18,000973,卖出,1600,47.3536393596,60.612658380288,移动止盈,"MaVolume,ComprehensiveTrend",6,6698.606641696853
2026-03-11,2026-03-18,301107,卖出,2000,43.54097769774,69.66556431638399,初始止损,"MaVolume,TurtleBreakout,ComprehensiveTrend",4,-8886.300172552888
2026-03-13,2026-03-18,002255,卖出,1700,51.679695163409995,70.28438542223759,初始止损,"TurtleBreakout,ComprehensiveTrend",2,-8316.662229588444
2026-03-17,2026-03-18,300345,买入,1800,35.27666097955999,19.049396928962395,信号入场,"MaVolume,ComprehensiveTrend",0,0.0
2026-03-17,2026-03-18,300749,买入,600,64.66638472294,11.639949250129199,信号入场,ComprehensiveTrend,0,0.0
2026-03-17,2026-03-18,603353,买入,800,61.75048527647999,14.820116466355197,信号入场,ComprehensiveTrend,0,0.0
2026-03-17,2026-03-19,603353,卖出,800,68.89637865600001,44.09368233984,移动止盈,ComprehensiveTrend,1,5657.800904809817
2026-03-18,2026-03-19,301369,买入,300,223.9643103698,20.156787933281997,信号入场,"TurtleBreakout,ComprehensiveTrend",0,0.0
2026-03-16,2026-03-20,688359,卖出,700,78.5694736782,43.998905259792,初始止损,"TurtleBreakout,ComprehensiveTrend",3,-10519.827812330157
2026-03-19,2026-03-20,300257,买入,300,213.20626751423998,19.188564076281597,信号入场,ComprehensiveTrend,0,0.0
2026-03-11,2026-03-23,600433,卖出,4700,18.69243965919,70.2835731185544,初始止损,"MaVolume,TurtleBreakout,ComprehensiveTrend",7,-10601.81624344879
2026-03-16,2026-03-23,002426,卖出,3100,20.20357012608,50.104853912678394,初始止损,"TurtleBreakout,ComprehensiveTrend",4,-11310.77547356188
2026-03-20,2026-03-23,002309,买入,5700,15.82141998437,27.054628173272697,信号入场,"TurtleBreakout,ComprehensiveTrend",0,0.0
2026-03-20,2026-03-23,300782,买入,100,473.8044175865,14.214132527594998,信号入场,"MaVolume,ComprehensiveTrend",0,0.0
2026-03-06,2026-03-24,301093,卖出,500,115.09028850600001,46.0361154024,移动止盈,"MaVolume,ComprehensiveTrend",11,-873.4511342291808
2026-03-16,2026-03-24,300279,卖出,1200,55.88819527059,53.652667459766405,初始止损,"TurtleBreakout,ComprehensiveTrend",5,-11376.769970190202
2026-03-16,2026-03-24,688628,卖出,2000,45.1473003072,72.23568049152,初始止损,"TurtleBreakout,ComprehensiveTrend",5,-5557.97691139963
2026-03-18,2026-03-24,301369,卖出,300,201.34284720840003,48.322283330016006,初始止损,"TurtleBreakout,ComprehensiveTrend",3,-6854.9180196832895
2026-03-23,2026-03-24,601908,买入,5200,18.85608656932,29.415495048139196,信号入场,"TurtleBreakout,ComprehensiveTrend",0,0.0
2026-03-23,2026-03-24,000890,买入,1500,36.53219878307999,16.439489452385995,信号入场,ComprehensiveTrend,0,0.0
2026-03-23,2026-03-24,001896,买入,2900,17.845021414219996,15.525168630371395,信号入场,ComprehensiveTrend,0,0.0
2026-03-23,2026-03-24,002506,买入,1700,29.643555781839996,15.118213448738398,信号入场,ComprehensiveTrend,0,0.0
2026-03-17,2026-03-25,300345,卖出,1800,38.60628580926,55.59305156533439,移动止盈,"MaVolume,ComprehensiveTrend",5,5918.682244965719
2026-03-24,2026-03-25,300137,买入,1300,63.52892044498999,24.776278973546095,信号入场,"TurtleBreakout,ComprehensiveTrend",0,0.0
2026-03-23,2026-03-26,001896,卖出,2900,17.5950681192,40.820558036544,移动止盈,ComprehensiveTrend,2,-781.2102822249071
2026-03-25,2026-03-26,300383,买入,100,365.54823811506,10.966447143451797,信号入场,"TurtleBreakout,ComprehensiveTrend",0,0.0
2026-03-16,2026-03-27,300051,卖出,1000,68.56076416644,54.84861133315199,移动止盈,"TurtleBreakout,ComprehensiveTrend",8,-464.43340739212
2026-03-20,2026-03-27,002309,卖出,5700,17.07108201981,77.8441340103336,移动止盈,"TurtleBreakout,ComprehensiveTrend",4,7018.174839824409
2026-03-24,2026-03-27,300137,卖出,1300,59.49396262386,61.873721128814395,初始止损,"TurtleBreakout,ComprehensiveTrend",2,-5332.095167571344
2026-03-26,2026-03-27,002636,买入,600,83.52532236047999,15.034558024886396,信号入场,ComprehensiveTrend,0,0.0
2026-03-26,2026-03-27,003018,买入,1700,30.960369740299996,15.789788567552996,信号入场,ComprehensiveTrend,0,0.0
2026-03-26,2026-03-27,301396,买入,100,270.11728301557997,8.103518490467398,信号入场,ComprehensiveTrend,0,0.0
2026-03-23,2026-03-30,601908,卖出,5200,20.60029404504,85.6972232273664,移动止盈,"TurtleBreakout,ComprehensiveTrend",4,8954.76615546849
2026-03-27,2026-03-30,002294,买入,100,737.4041877202,22.122125631605996,信号入场,"TurtleBreakout,ComprehensiveTrend",0,0.0
2026-03-19,2026-03-31,300257,卖出,300,190.26070436447998,45.66256904747519,初始止损,ComprehensiveTrend,7,-6948.5200780517625
2026-03-20,2026-03-31,300782,卖出,100,439.23605077350004,35.138884061880006,初始止损,"MaVolume,ComprehensiveTrend",6,-3506.189697889473
2026-03-23,2026-03-31,002506,卖出,1700,25.459834680000004,34.625375164800005,初始止损,ComprehensiveTrend,5,-7162.069461741528
2026-03-30,2026-03-31,601000,买入,3000,33.093171811699996,29.783854630529994,信号入场,"MaVolume,TurtleBreakout,ComprehensiveTrend",0,0.0
2026-03-30,2026-03-31,688156,买入,2800,24.204533222869998,20.331807907210795,信号入场,"TurtleBreakout,ComprehensiveTrend",0,0.0
2026-03-30,2026-03-31,600502,买入,1400,68.74156795505999,28.871458541125193,信号入场,"TurtleBreakout,ComprehensiveTrend",0,0.0
2026-03-26,2026-04-01,002636,卖出,600,86.08168063152,41.3192067031296,移动止盈,ComprehensiveTrend,3,1477.461197896002
2026-03-31,2026-04-01,002565,买入,300,145.12715317099997,13.061443785389997,信号入场,ComprehensiveTrend,0,0.0
2026-03-30,2026-04-02,600502,卖出,1400,68.60422216494,76.8367288247328,移动止盈,"TurtleBreakout,ComprehensiveTrend",2,-297.99229353384
2026-04-01,2026-04-02,300970,买入,1400,56.6697259128,23.801284883375995,信号入场,"TurtleBreakout,ComprehensiveTrend",0,0.0
2026-03-26,2026-04-03,301396,卖出,100,291.19224478149,23.2953795825192,移动止盈,ComprehensiveTrend,5,2076.0972785180165
2026-03-31,2026-04-03,002565,卖出,300,139.29929631495,33.431831115588,跌破MA60,ComprehensiveTrend,2,-1794.8503317159702
2026-04-02,2026-04-03,603042,买入,2700,22.363296955999996,18.114270534359996,信号入场,"TurtleBreakout,ComprehensiveTrend",0,0.0
2026-04-02,2026-04-03,688309,买入,1000,61.912054504299995,18.573616351289996,信号入场,ComprehensiveTrend,0,0.0
2026-03-17,2026-04-07,300749,卖出,600,49.04900680509,23.5435232664432,初始止损,ComprehensiveTrend,13,-9405.61022322657
2026-03-26,2026-04-07,003018,卖出,1700,32.39145966645,44.052385146371996,移动止盈,ComprehensiveTrend,6,2373.010700741077
2026-03-27,2026-04-07,002294,卖出,100,791.87113953666,63.3496911629328,移动止盈,"TurtleBreakout,ComprehensiveTrend",5,5361.223364851467
2026-04-03,2026-04-07,002947,买入,900,98.77605584846998,26.669535079086895,信号入场,"TurtleBreakout,ComprehensiveTrend",0,0.0
2026-04-03,2026-04-07,688226,买入,1200,50.26803932149999,18.096494155739993,信号入场,"MaVolume,ComprehensiveTrend",0,0.0
2026-04-03,2026-04-07,000688,买入,300,156.38317582887998,14.074485824599197,信号入场,ComprehensiveTrend,0,0.0
2026-04-01,2026-04-08,300970,卖出,1400,61.881892723440004,69.3077198502528,移动止盈,"TurtleBreakout,ComprehensiveTrend",3,7203.924530162374
2026-04-07,2026-04-08,300651,买入,900,58.325860392799996,15.747982306055999,信号入场,"MaVolume,TurtleBreakout,ComprehensiveTrend",0,0.0
2026-03-23,2026-04-09,000890,卖出,1500,42.604950761640005,51.125940913968,移动止盈,ComprehensiveTrend,11,9041.562537473663
2026-04-08,2026-04-09,603211,买入,2800,26.338312,22.124182079999997,信号入场,"TurtleBreakout,ComprehensiveTrend",0,0.0
2026-04-03,2026-04-13,688226,卖出,1200,49.59869270895,47.614745000591995,移动止盈,"MaVolume,ComprehensiveTrend",4,-868.9271742163255
2026-04-10,2026-04-13,301246,买入,2700,24.21655924688,19.615412989972796,信号入场,"TurtleBreakout,ComprehensiveTrend",0,0.0
2026-03-25,2026-04-16,300383,卖出,100,371.82963438378005,29.746370750702404,移动止盈,"TurtleBreakout,ComprehensiveTrend",14,587.4268089778561
2026-03-30,2026-04-16,688156,卖出,2800,25.54920254268,57.2302136956032,移动止盈,"TurtleBreakout,ComprehensiveTrend",11,3687.512073865204
2026-04-15,2026-04-16,002966,买入,8000,12.442919448959998,29.863006677503993,信号入场,"MaVolume,TurtleBreakout,ComprehensiveTrend",0,0.0
2026-04-15,2026-04-16,605098,买入,800,111.61945358563999,26.788668860553596,信号入场,"TurtleBreakout,ComprehensiveTrend",0,0.0
2026-04-03,2026-04-20,000688,卖出,300,177.86896468830003,42.688551525192,移动止盈,ComprehensiveTrend,9,6388.973620476223
2026-04-08,2026-04-20,603211,卖出,2800,26.4878856,59.332863743999994,移动止盈,"TurtleBreakout,ComprehensiveTrend",7,337.3490341759898
2026-04-17,2026-04-20,300093,买入,2200,43.842057018759995,28.935757632381595,信号入场,"TurtleBreakout,RpsBreakout,ComprehensiveTrend",0,0.0
2026-04-17,2026-04-20,002259,买入,2900,14.69718145896,12.786547869295198,信号入场,"MaVolume,TurtleBreakout,ComprehensiveTrend",0,0.0
2026-04-02,2026-04-23,688309,卖出,1000,79.19495796780001,63.35596637424,移动止盈,ComprehensiveTrend,13,17200.97388077448
2026-04-22,2026-04-23,603991,买入,400,123.66281327399999,14.839537592879996,信号入场,"TurtleBreakout,ComprehensiveTrend",0,0.0
2026-04-07,2026-04-24,300651,卖出,900,50.11680926376,36.084102669907196,初始止损,"MaVolume,TurtleBreakout,ComprehensiveTrend",12,-7439.978101111963
2026-04-17,2026-04-24,300093,卖出,2200,46.98021467808,82.68517783342081,移动止盈,"TurtleBreakout,RpsBreakout,ComprehensiveTrend",4,6792.325915038207
2026-04-17,2026-04-24,002259,卖出,2900,14.56452197892,33.7896909910944,移动止盈,"MaVolume,TurtleBreakout,ComprehensiveTrend",4,-431.28873097639007
2026-04-23,2026-04-24,600233,买入,1000,93.75976251642,28.127928754925996,信号入场,"TurtleBreakout,ComprehensiveTrend",0,0.0
2026-04-23,2026-04-24,002301,买入,2600,37.76425052399999,29.456115408719988,信号入场,"TurtleBreakout,ComprehensiveTrend",0,0.0
2026-04-23,2026-04-24,600126,买入,100,45.51821166892999,5.0,信号入场,"TurtleBreakout,ComprehensiveTrend",0,0.0
2026-04-02,2026-04-27,603042,卖出,2700,20.28965004,43.825644086400004,时间止损,"TurtleBreakout,ComprehensiveTrend",15,-5660.786587820745
2026-04-22,2026-04-27,603991,卖出,400,107.89772349078001,34.5272715170496,初始止损,"TurtleBreakout,ComprehensiveTrend",2,-6355.402722397921
2026-04-23,2026-04-27,002301,卖出,2600,35.7843103695,74.43136556855998,跌破MA60,"TurtleBreakout,ComprehensiveTrend",1,-5251.731882677253
2026-04-24,2026-04-27,002795,买入,2300,36.591036161679995,25.247814951559192,信号入场,"TurtleBreakout,RpsBreakout,ComprehensiveTrend",0,0.0
2026-04-24,2026-04-27,603520,买入,2800,35.4690484148,29.794000668432,信号入场,"MaVolume,TurtleBreakout,ComprehensiveTrend",0,0.0
2026-04-24,2026-04-27,002937,买入,200,58.803526371589996,5.0,信号入场,"TurtleBreakout,ComprehensiveTrend",0,0.0
2026-04-03,2026-04-29,002947,卖出,900,141.48495110232,101.8691647936704,移动止盈,"TurtleBreakout,ComprehensiveTrend",16,38309.46702859226
2026-04-15,2026-04-29,605098,卖出,800,115.0328437083,73.621019973312,移动止盈,"TurtleBreakout,ComprehensiveTrend",9,2630.3024092941487
2026-04-23,2026-04-29,600126,卖出,100,39.48106002939,6.9740530014695,初始止损,"TurtleBreakout,ComprehensiveTrend",3,-615.6892169554685
2026-04-28,2026-04-29,605118,买入,1500,52.95030834092999,23.827638753418494,信号入场,"TurtleBreakout,ComprehensiveTrend",0,0.0
2026-04-28,2026-04-29,688191,买入,800,72.8609493612,17.486627846688,信号入场,"TurtleBreakout,ComprehensiveTrend",0,0.0
2026-04-28,2026-04-29,300159,买入,1200,77.95521934199999,28.063878963119997,信号入场,"TurtleBreakout,ComprehensiveTrend",0,0.0
2026-03-30,2026-05-06,601000,卖出,3000,33.531831852749995,80.47639644659998,时间止损,"MaVolume,TurtleBreakout,ComprehensiveTrend",22,1205.719872072863
2026-04-30,2026-05-06,688127,买入,900,79.96017469439998,21.589247167487994,信号入场,"TurtleBreakout,ComprehensiveTrend",0,0.0
2026-04-10,2026-05-11,301246,卖出,2700,30.235414319999997,65.30849493119999,移动止盈,"TurtleBreakout,ComprehensiveTrend",17,16165.984789502822
2026-05-08,2026-05-11,688167,买入,100,464.49151388639996,13.934745416591998,信号入场,"MaVolume,TurtleBreakout,ComprehensiveTrend",0,0.0
2026-04-15,2026-05-12,002966,卖出,8000,12.11623066098,77.54387623027199,时间止损,"MaVolume,TurtleBreakout,ComprehensiveTrend",15,-2720.917186747756
2026-04-23,2026-05-12,600233,卖出,1000,87.21719823726002,69.77375858980801,初始止损,"TurtleBreakout,ComprehensiveTrend",9,-6640.465966504722
2026-04-24,2026-05-12,002795,卖出,2300,38.82605803704,71.4399467881536,移动止盈,"TurtleBreakout,RpsBreakout,ComprehensiveTrend",8,5043.862551588289
2026-04-24,2026-05-12,002937,卖出,200,60.12812701467001,11.012812701467002,移动止盈,"TurtleBreakout,ComprehensiveTrend",8,248.9073159145355
2026-05-11,2026-05-12,300560,买入,1800,47.779623892,25.800996901679994,信号入场,"MaVolume,TurtleBreakout,ComprehensiveTrend",0,0.0
2026-05-11,2026-05-12,605189,买入,2500,33.295034162389996,24.971275621792493,信号入场,"MaVolume,TurtleBreakout,ComprehensiveTrend",0,0.0
2026-05-11,2026-05-12,000425,买入,200,364.67406190214996,21.880443714128997,信号入场,"MaVolume,TurtleBreakout,ComprehensiveTrend",0,0.0
2026-05-11,2026-05-12,688618,买入,600,108.3521464025,19.503386352449997,信号入场,"MaVolume,ComprehensiveTrend",0,0.0
2026-05-11,2026-05-13,000425,卖出,200,345.00033717714,55.2000539483424,跌破MA60,"MaVolume,TurtleBreakout,ComprehensiveTrend",1,-4011.825442664456
2026-05-12,2026-05-13,300265,买入,1000,62.32674533084999,18.698023599254995,信号入场,"MaVolume,ComprehensiveTrend",0,0.0
2026-05-08,2026-05-15,688167,卖出,100,523.9371384,41.914971072,移动止盈,"MaVolume,TurtleBreakout,ComprehensiveTrend",4,5888.712734871406
2026-05-12,2026-05-15,300265,卖出,1000,62.915362798859995,50.332290239087996,移动止盈,"MaVolume,ComprehensiveTrend",2,519.5871541716697
2026-05-14,2026-05-15,605296,买入,2200,41.93965878101999,27.680174795473192,信号入场,"MaVolume,TurtleBreakout,ComprehensiveTrend",0,0.0
2026-05-14,2026-05-15,000159,买入,2800,14.88357675805,12.502204476761998,信号入场,"MaVolume,TurtleBreakout,ComprehensiveTrend",0,0.0
2026-04-28,2026-05-18,605118,卖出,1500,47.922984544500004,57.50758145339999,初始止损,"TurtleBreakout,ComprehensiveTrend",10,-7622.320914851807
2026-04-28,2026-05-18,688191,卖出,800,82.19309602860001,52.603581458304006,移动止盈,"TurtleBreakout,ComprehensiveTrend",10,7395.627124615021
2026-05-11,2026-05-18,688618,卖出,600,95.45532978933,45.81855829887839,初始止损,"MaVolume,ComprehensiveTrend",4,-7803.41191255334
2026-05-15,2026-05-18,301377,买入,200,250.05884903999998,15.003530942399998,信号入场,"TurtleBreakout,ComprehensiveTrend",0,0.0
2026-05-15,2026-05-18,603217,买入,1100,79.15300327934999,26.120491082185495,信号入场,"TurtleBreakout,ComprehensiveTrend",0,0.0
2026-05-15,2026-05-18,000595,买入,2100,23.330636108779995,14.698300748531395,信号入场,"TurtleBreakout,ComprehensiveTrend",0,0.0
2026-04-24,2026-05-19,603520,卖出,2800,39.16588459032,87.7315814823168,移动止盈,"MaVolume,TurtleBreakout,ComprehensiveTrend",13,10233.615709305232
2026-05-11,2026-05-19,605189,卖出,2500,29.1186247275,58.237249455,初始止损,"MaVolume,TurtleBreakout,ComprehensiveTrend",5,-10524.23211230179
2026-05-18,2026-05-19,688010,买入,2200,40.030815825,26.420338444499997,信号入场,"MaVolume,TurtleBreakout,ComprehensiveTrend",0,0.0
2026-05-18,2026-05-19,688583,买入,400,168.995641815,20.279477017799994,信号入场,"MaVolume,ComprehensiveTrend",0,0.0
2026-04-28,2026-05-20,300159,卖出,1200,88.38883623645,84.853282786992,移动止盈,"TurtleBreakout,ComprehensiveTrend",12,12407.423111589902
2026-05-14,2026-05-20,605296,卖出,2200,39.2525175906,69.084430959456,初始止损,"MaVolume,TurtleBreakout,ComprehensiveTrend",3,-6008.475224678914
2026-05-19,2026-05-20,603893,买入,400,197.47631063159997,23.697157275791998,信号入场,"MaVolume,TurtleBreakout,ComprehensiveTrend",0,0.0
2026-05-19,2026-05-20,300996,买入,1600,61.67584270848,29.604404500070395,信号入场,"MaVolume,TurtleBreakout,ComprehensiveTrend",0,0.0
2026-05-18,2026-05-21,688583,卖出,400,167.35056192,53.552179814400006,跌破MA60,"MaVolume,ComprehensiveTrend",2,-731.8636148321966
2026-05-20,2026-05-21,300331,买入,400,184.64354103194998,22.157224923833994,信号入场,"TurtleBreakout,RpsBreakout,ComprehensiveTrend",0,0.0
2026-04-30,2026-05-22,688127,卖出,900,101.5169330484,73.09219179484799,移动止盈,"TurtleBreakout,ComprehensiveTrend",12,19306.401079637682
2026-05-14,2026-05-22,000159,卖出,2800,15.072599862449998,33.762623691887995,移动止盈,"MaVolume,TurtleBreakout,ComprehensiveTrend",5,482.9998641513521
2026-05-15,2026-05-22,301377,卖出,200,272.43549379800004,43.589679007680004,移动止盈,"TurtleBreakout,ComprehensiveTrend",4,4416.735741649929
2026-05-15,2026-05-22,603217,卖出,1100,71.55385571880001,62.967393032543995,初始止损,"TurtleBreakout,ComprehensiveTrend",4,-8448.150200719712
2026-05-18,2026-05-22,688010,卖出,2200,42.401152004400004,74.62602752774401,移动止盈,"MaVolume,TurtleBreakout,ComprehensiveTrend",3,5113.693228707765
2026-05-21,2026-05-22,002766,买入,9500,10.45566658136,29.798649756875996,信号入场,"MaVolume,TurtleBreakout,ComprehensiveTrend",0,0.0
2026-05-21,2026-05-22,603127,买入,200,332.64128723825996,19.958477234295597,信号入场,"TurtleBreakout,ComprehensiveTrend",0,0.0
2026-05-21,2026-05-22,603009,买入,600,144.70711254999998,26.047280258999994,信号入场,"TurtleBreakout,ComprehensiveTrend",0,0.0
2026-05-21,2026-05-22,603373,买入,1900,51.72237069999999,29.481751298999992,信号入场,"TurtleBreakout,ComprehensiveTrend",0,0.0
2026-05-21,2026-05-22,300203,买入,4600,16.52064218805,22.798486219508998,信号入场,"MaVolume,ComprehensiveTrend",0,0.0
2026-05-20,2026-05-25,300331,卖出,400,167.76919456830004,53.68614226185601,初始止损,"TurtleBreakout,RpsBreakout,ComprehensiveTrend",2,-6825.581952645662
2026-05-22,2026-05-25,301312,买入,100,435.05109647999996,13.051532894399998,信号入场,"MaVolume,TurtleBreakout,ComprehensiveTrend",0,0.0
2026-05-19,2026-05-27,300996,卖出,1600,57.33919125216,73.3941648027648,初始止损,"MaVolume,TurtleBreakout,ComprehensiveTrend",5,-7041.640899414837
2026-05-21,2026-05-27,603127,卖出,200,289.14097001958004,46.262555203132806,初始止损,"TurtleBreakout,ComprehensiveTrend",3,-8766.284476173416
2026-05-26,2026-05-27,688333,买入,200,278.88674669855993,16.733204801913594,信号入场,"MaVolume,TurtleBreakout,ComprehensiveTrend",0,0.0
2026-05-26,2026-05-27,300829,买入,2900,32.15878816149999,27.978145700504992,信号入场,"TurtleBreakout,ComprehensiveTrend",0,0.0
2026-05-11,2026-05-28,300560,卖出,1800,51.842662443,74.65343391792,移动止盈,"MaVolume,TurtleBreakout,ComprehensiveTrend",12,7213.014960980407
2026-05-21,2026-05-28,603009,卖出,600,145.75713606090002,69.96342530923201,移动止盈,"TurtleBreakout,ComprehensiveTrend",4,534.0034009717929
2026-05-21,2026-05-28,300203,卖出,4600,14.31062593911,52.6631034559248,初始止损,"MaVolume,ComprehensiveTrend",4,-10241.536334799443
2026-05-27,2026-05-28,000601,买入,1200,47.44659426506999,17.080773935425196,信号入场,"MaVolume,ComprehensiveTrend",0,0.0
2026-05-27,2026-05-28,001299,买入,3300,24.88931840395,24.6404252199105,信号入场,"TurtleBreakout,ComprehensiveTrend",0,0.0
2026-05-27,2026-05-28,603045,买入,600,102.97056369599999,18.534701465279998,信号入场,ComprehensiveTrend,0,0.0
2026-05-19,2026-05-29,603893,卖出,400,198.97875207,63.673200662400006,移动止盈,"MaVolume,TurtleBreakout,ComprehensiveTrend",7,513.6062174218241
2026-05-28,2026-05-29,002243,买入,5200,17.065673474849998,26.622450620765996,信号入场,"MaVolume,TurtleBreakout,ComprehensiveTrend",0,0.0
2026-05-21,2026-06-01,002766,卖出,9500,9.20597045436,69.965375453136,初始止损,"MaVolume,TurtleBreakout,ComprehensiveTrend",6,-11971.877231710008
2026-05-21,2026-06-01,603373,卖出,1900,44.505927062459996,67.64900913493919,初始止损,"TurtleBreakout,ComprehensiveTrend",6,-13808.373671759924
2026-05-22,2026-06-01,301312,卖出,100,378.97443351270005,30.317954681016005,初始止损,"MaVolume,TurtleBreakout,ComprehensiveTrend",5,-5651.035784305408
2026-05-26,2026-06-01,300829,卖出,2900,30.1069545084,69.848134459488,跌破MA60,"TurtleBreakout,ComprehensiveTrend",3,-6048.143874149973
2026-05-27,2026-06-01,603045,卖出,600,90.2953347795,43.34176069416,初始止损,ComprehensiveTrend,2,-7667.013812059435
2026-05-29,2026-06-01,301231,买入,1900,33.6605465196,19.186511516171997,信号入场,"MaVolume,TurtleBreakout,ComprehensiveTrend",0,0.0
2026-05-29,2026-06-01,301439,买入,4400,22.38555426107,29.548931624612397,信号入场,"MaVolume,ComprehensiveTrend",0,0.0
2026-05-29,2026-06-01,605177,买入,3000,25.048230447239998,22.543407402515996,信号入场,"MaVolume,ComprehensiveTrend",0,0.0
2026-05-29,2026-06-01,600508,买入,2200,42.876913099019994,28.298762645353193,信号入场,"TurtleBreakout,ComprehensiveTrend",0,0.0
2026-05-29,2026-06-01,601869,买入,100,436.16363443652995,13.084909033095897,信号入场,ComprehensiveTrend,0,0.0
2026-05-26,2026-06-02,688333,卖出,200,271.29473705664003,43.4071579290624,初始止损,"MaVolume,TurtleBreakout,ComprehensiveTrend",4,-1578.5422911149653
2026-05-28,2026-06-02,002243,卖出,5200,16.142814526499997,67.15410843023999,跌破MA60,"MaVolume,TurtleBreakout,ComprehensiveTrend",2,-4892.643090471014
2026-06-01,2026-06-02,600727,买入,2500,36.73344465790999,27.550083493432492,信号入场,"TurtleBreakout,ComprehensiveTrend",0,0.0
2026-06-01,2026-06-02,300628,买入,100,798.4434858399999,23.953304575199997,信号入场,"MaVolume,ComprehensiveTrend",0,0.0
2026-05-29,2026-06-03,301439,卖出,4400,23.191501953330004,81.63408687572161,移动止盈,"MaVolume,ComprehensiveTrend",2,3434.9868274436885
2026-06-02,2026-06-03,603687,买入,3100,18.44096128875,17.1500939985375,信号入场,"TurtleBreakout,ComprehensiveTrend",0,0.0
2026-05-15,2026-06-05,000595,卖出,2100,21.194817966000002,35.60729418288,初始止损,"TurtleBreakout,ComprehensiveTrend",14,-4535.523694769399
2026-05-27,2026-06-05,000601,卖出,1200,50.27114210643,48.2602964221728,移动止盈,"MaVolume,ComprehensiveTrend",6,3324.1163392744056
2026-06-01,2026-06-05,600727,卖出,2500,33.771190304700006,67.54238060940001,初始止损,"TurtleBreakout,ComprehensiveTrend",3,-7500.728347127806
2026-06-04,2026-06-05,300001,买入,200,290.18626849212,17.411176109527197,信号入场,"TurtleBreakout,ComprehensiveTrend",0,0.0
2026-06-04,2026-06-05,002051,买入,1000,68.39290121664,20.517870364991996,信号入场,"TurtleBreakout,ComprehensiveTrend",0,0.0
2026-06-04,2026-06-05,300897,买入,900,70.83417332991999,19.125226799078394,信号入场,"MaVolume,ComprehensiveTrend",0,0.0
2026-05-27,2026-06-08,001299,卖出,3300,21.3450464871,56.350922725943995,初始止损,"TurtleBreakout,ComprehensiveTrend",7,-11777.088673550868
2026-05-29,2026-06-08,601869,卖出,100,441.832607118,35.34660856944,移动止盈,ComprehensiveTrend,5,518.4657505444702
2026-06-05,2026-06-08,601919,买入,2800,35.696859298099994,29.985361810403994,信号入场,"TurtleBreakout,ComprehensiveTrend",0,0.0
2026-06-05,2026-06-08,301217,买入,300,105.14482617639,9.463034355875099,信号入场,ComprehensiveTrend,0,0.0
2026-05-29,2026-06-09,605177,卖出,3000,21.554129364930002,51.729910475832,初始止损,"MaVolume,ComprehensiveTrend",6,-10556.57656480834
2026-06-02,2026-06-09,603687,卖出,3100,18.888706386,46.84399183727999,移动止盈,"TurtleBreakout,ComprehensiveTrend",4,1324.0157156391724
2026-06-04,2026-06-09,300001,卖出,200,299.07628242192,47.852205187507195,移动止盈,"TurtleBreakout,ComprehensiveTrend",2,1712.7394046629706
2026-06-04,2026-06-09,300897,卖出,900,57.215271456,41.19499544832,初始止损,"MaVolume,ComprehensiveTrend",2,-12317.331908775384
2026-06-08,2026-06-09,301302,买入,1400,46.03599,19.335115799999997,信号入场,"TurtleBreakout,ComprehensiveTrend",0,0.0
2026-06-08,2026-06-09,300105,买入,1900,52.416733268899996,29.877537963272996,信号入场,"TurtleBreakout,ComprehensiveTrend",0,0.0
2026-06-08,2026-06-09,688143,买入,100,247.79205086636,7.4337615259908,信号入场,ComprehensiveTrend,0,0.0
2026-06-08,2026-06-09,301526,买入,2000,23.7406454285,14.244387257099998,信号入场,ComprehensiveTrend,0,0.0
2026-05-29,2026-06-10,600508,卖出,2200,39.38122330605,69.31095301864801,初始止损,"TurtleBreakout,ComprehensiveTrend",7,-7788.127260197987
2026-06-01,2026-06-10,300628,卖出,100,729.7451883360002,58.37961506688001,初始止损,"MaVolume,ComprehensiveTrend",6,-6952.16267004206
2026-06-05,2026-06-10,601919,卖出,2800,35.17125153201,78.78360343170239,跌破MA60,"TurtleBreakout,ComprehensiveTrend",2,-1580.470710294103
2026-06-09,2026-06-10,300666,买入,200,229.93804228394998,13.796282537036998,信号入场,"TurtleBreakout,ComprehensiveTrend",0,0.0
2026-06-09,2026-06-10,603256,买入,200,209.45013562473,12.567008137483798,信号入场,ComprehensiveTrend,0,0.0
2026-06-09,2026-06-10,603115,买入,300,126.91470046254999,11.422323041629497,信号入场,ComprehensiveTrend,0,0.0
2026-05-29,2026-06-11,301231,卖出,1900,35.82614027772,54.4557332221344,移动止盈,"MaVolume,TurtleBreakout,ComprehensiveTrend",8,4040.985895689708
2026-06-05,2026-06-11,301217,卖出,300,123.983051841,29.755932441840002,移动止盈,ComprehensiveTrend,3,5612.248732585285
2026-06-08,2026-06-11,301302,卖出,1400,47.637314999999994,53.353792799999994,移动止盈,"TurtleBreakout,ComprehensiveTrend",2,2169.166091399995
2026-06-08,2026-06-11,300105,卖出,1900,47.184735212819994,71.7207975234864,初始止损,"TurtleBreakout,ComprehensiveTrend",2,-10042.394642038766
2026-06-08,2026-06-11,688143,卖出,100,249.5192944365,19.96154355492,移动止盈,ComprehensiveTrend,2,145.3290519330876
2026-06-10,2026-06-11,600665,买入,5500,14.549490455499999,24.006659251574995,信号入场,"TurtleBreakout,ComprehensiveTrend",0,0.0
2026-06-10,2026-06-11,301557,买入,500,129.83774242438997,19.475661363658496,信号入场,"MaVolume,ComprehensiveTrend",0,0.0
2026-06-10,2026-06-11,002718,买入,200,253.95371581579997,15.237222948947995,信号入场,ComprehensiveTrend,0,0.0
2026-06-10,2026-06-11,688309,买入,800,69.87800418599,16.770721004637597,信号入场,ComprehensiveTrend,0,0.0
2026-06-10,2026-06-11,300721,买入,600,71.68443305022998,12.903197949041397,信号入场,ComprehensiveTrend,0,0.0
2026-06-10,2026-06-12,688309,卖出,800,67.12230756294,42.9582768402816,跌破MA60,ComprehensiveTrend,1,-2264.2862962849176
2026-06-11,2026-06-12,600322,买入,11700,6.60626224258,23.187980471455795,信号入场,"TurtleBreakout,ComprehensiveTrend",0,0.0
2026-06-04,2026-06-15,002051,卖出,1000,63.848977509600005,51.079182007680004,初始止损,"TurtleBreakout,ComprehensiveTrend",6,-4615.520759412655
2026-06-08,2026-06-15,301526,卖出,2000,29.69213109705,47.50740975528,移动止盈,ComprehensiveTrend,4,11841.219540087623
2026-06-09,2026-06-15,300666,卖出,200,289.846251612,46.37540025792,移动止盈,"TurtleBreakout,ComprehensiveTrend",3,11921.47018281505
2026-06-09,2026-06-15,603256,卖出,200,220.29303809835,35.246886095736,移动止盈,ComprehensiveTrend,3,2120.7666004907805
2026-06-10,2026-06-15,300721,卖出,600,56.004975913050004,26.882388438264,初始止损,ComprehensiveTrend,2,-9447.459868695296
2026-06-12,2026-06-15,601233,买入,1000,74.27300604723999,22.281901814171995,信号入场,"TurtleBreakout,ComprehensiveTrend",0,0.0
2026-06-12,2026-06-15,002552,买入,200,201.40186406339998,12.084111843804,信号入场,ComprehensiveTrend,0,0.0
2026-06-12,2026-06-15,300854,买入,1100,45.32283615859999,14.956535932337996,信号入场,ComprehensiveTrend,0,0.0
2026-06-12,2026-06-15,601991,买入,1900,23.39533340144,13.335340038820798,信号入场,ComprehensiveTrend,0,0.0
2026-06-12,2026-06-15,000510,买入,300,204.75714299039998,18.428142869135996,信号入场,ComprehensiveTrend,0,0.0
2026-06-11,2026-06-17,600322,卖出,11700,5.743086164999999,53.7552865044,初始止损,"TurtleBreakout,ComprehensiveTrend",3,-10176.103374661849
2026-06-16,2026-06-17,300088,买入,300,175.70067190676,15.813060471608397,信号入场,"TurtleBreakout,ComprehensiveTrend",0,0.0
2026-06-12,2026-06-18,002552,卖出,200,222.798447531,35.64775160495999,移动止盈,ComprehensiveTrend,3,4231.584830071231
2026-06-12,2026-06-18,300854,卖出,1100,36.28650081636,31.9321207183968,初始止损,ComprehensiveTrend,3,-9986.85753311473
2026-06-17,2026-06-18,603488,买入,2900,22.0013558765,19.141179612555,信号入场,"TurtleBreakout,ComprehensiveTrend",0,0.0
2026-06-17,2026-06-18,001223,买入,500,102.07818873251999,15.311728309877997,信号入场,"TurtleBreakout,ComprehensiveTrend",0,0.0
2026-06-09,2026-06-22,603115,卖出,300,148.25094241824002,35.5802261803776,移动止盈,ComprehensiveTrend,7,6353.870037485001
2026-06-10,2026-06-22,600665,卖出,5500,13.26738933,58.37651305200001,初始止损,"TurtleBreakout,ComprehensiveTrend",6,-7133.939362553574
2026-06-12,2026-06-22,601233,卖出,1000,67.05900450936001,53.647203607488,初始止损,"TurtleBreakout,ComprehensiveTrend",4,-7289.930643301646
2026-06-12,2026-06-22,601991,卖出,1900,22.577914764720003,34.31843044237441,移动止盈,ComprehensiveTrend,4,-1600.7491802491932
2026-06-18,2026-06-22,001226,买入,1200,56.92507172352,20.4930258204672,信号入场,"MaVolume,TurtleBreakout,ComprehensiveTrend",0,0.0
2026-06-18,2026-06-22,601138,买入,800,93.08783644159999,22.341080745983998,信号入场,"MaVolume,ComprehensiveTrend",0,0.0
2026-06-18,2026-06-22,300558,买入,1300,56.81434420661999,22.157594240581798,信号入场,"TurtleBreakout,ComprehensiveTrend",0,0.0
2026-06-18,2026-06-22,301596,买入,500,118.05511910191998,17.708267865287997,信号入场,"MaVolume,ComprehensiveTrend",0,0.0
2026-06-16,2026-06-23,300088,卖出,300,188.00560894725,45.12134614734,移动止盈,"TurtleBreakout,ComprehensiveTrend",3,3630.5467055280606
2026-06-22,2026-06-23,301618,买入,900,84.97363058183998,22.942880257096796,信号入场,"MaVolume,TurtleBreakout,ComprehensiveTrend",0,0.0
2026-06-12,2026-06-24,000510,卖出,300,227.08535469264,54.5004851262336,移动止盈,ComprehensiveTrend,6,6625.534882676635
2026-06-23,2026-06-24,603916,买入,3000,20.239604294909995,18.215643865418993,信号入场,"MaVolume,ComprehensiveTrend",0,0.0
2026-06-17,2026-06-25,603488,卖出,2900,18.5716000098,43.086112022736,初始止损,"TurtleBreakout,ComprehensiveTrend",4,-10008.519305065289
2026-06-18,2026-06-25,301596,卖出,500,108.27168657335999,43.308674629344,初始止损,"MaVolume,ComprehensiveTrend",3,-4952.733206774632
2026-06-24,2026-06-25,688295,买入,1100,54.75940259789999,18.070602857306994,信号入场,"TurtleBreakout,ComprehensiveTrend",0,0.0
2026-06-24,2026-06-25,301305,买入,2100,32.687241897309995,20.592962395305292,信号入场,"TurtleBreakout,ComprehensiveTrend",0,0.0
2026-06-18,2026-06-26,001226,卖出,1200,50.248969850879995,48.239011056844795,初始止损,"MaVolume,TurtleBreakout,ComprehensiveTrend",4,-8080.05428404532
2026-06-25,2026-06-26,000766,买入,1100,88.94718204371999,29.352570074427593,信号入场,"MaVolume,ComprehensiveTrend",0,0.0
2026-06-10,2026-06-29,002718,卖出,200,302.62246660799997,48.41959465728,移动止盈,ComprehensiveTrend,11,9670.09334083378
2026-06-18,2026-06-29,300558,卖出,1300,60.44172342435,62.859392361324,移动止盈,"TurtleBreakout,ComprehensiveTrend",5,4630.575996447107
2026-06-25,2026-06-29,000766,卖出,1100,70.41463112375999,61.964875388908794,初始止损,"MaVolume,ComprehensiveTrend",1,-20477.123457419322
2026-06-26,2026-06-29,603903,买入,2500,28.104204388259998,21.078153291194997,信号入场,"MaVolume,TurtleBreakout,ComprehensiveTrend",0,0.0
2026-06-26,2026-06-29,300668,买入,200,174.94312986149998,10.496587791689999,信号入场,"TurtleBreakout,ComprehensiveTrend",0,0.0
2026-06-26,2026-06-29,300264,买入,1100,42.48325256175,14.019473345377499,信号入场,"MaVolume,ComprehensiveTrend",0,0.0
2026-06-18,2026-06-30,601138,卖出,800,82.76450384880002,52.969282463232005,初始止损,"MaVolume,ComprehensiveTrend",6,-8333.976437449208
2026-06-24,2026-06-30,688295,卖出,1100,58.42416400334999,51.413264322947995,移动止盈,"TurtleBreakout,ComprehensiveTrend",3,3961.7536788147554
2026-06-24,2026-06-30,301305,卖出,2100,28.44804821526,47.79272100163679,初始止损,"TurtleBreakout,ComprehensiveTrend",3,-8970.692415701938
2026-06-26,2026-06-30,300668,卖出,200,159.94938633417,25.591901813467196,初始止损,"TurtleBreakout,ComprehensiveTrend",1,-3034.837195071159
2026-06-26,2026-06-30,300264,卖出,1100,33.960061014930005,29.884853693138403,初始止损,"MaVolume,ComprehensiveTrend",1,-9419.415028540505
2026-06-29,2026-06-30,301307,买入,700,74.47296256399999,15.639322138439995,信号入场,"TurtleBreakout,ComprehensiveTrend",0,0.0
2026-06-29,2026-06-30,301230,买入,900,72.60522369099999,19.603410396569995,信号入场,"TurtleBreakout,ComprehensiveTrend",0,0.0
2026-06-29,2026-06-30,688758,买入,3700,21.710789099999996,24.098975900999996,信号入场,"TurtleBreakout,ComprehensiveTrend",0,0.0
2026-06-29,2026-06-30,002901,买入,2100,46.59706139087999,29.356148676254392,信号入场,"TurtleBreakout,ComprehensiveTrend",0,0.0
2026-06-29,2026-06-30,002636,买入,100,311.04525555103,9.331357666530899,信号入场,ComprehensiveTrend,0,0.0
2026-06-22,2026-07-01,301618,卖出,900,89.89326786888002,64.72315286559362,移动止盈,"MaVolume,TurtleBreakout,ComprehensiveTrend",6,4340.007525213339
2026-06-29,2026-07-01,301230,卖出,900,70.0134516648,50.40968519865601,跌破MA60,"TurtleBreakout,ComprehensiveTrend",1,-2402.607919175214
2026-06-29,2026-07-01,002901,卖出,2100,45.12919245318,75.8170433213424,跌破MA60,"TurtleBreakout,ComprehensiveTrend",1,-3187.6979611675633
2026-06-30,2026-07-01,301093,买入,300,188.94532438781997,17.005079194903796,信号入场,"MaVolume,RpsBreakout,ComprehensiveTrend",0,0.0
2026-06-30,2026-07-01,301115,买入,1600,38.02918249129999,18.254007595823992,信号入场,"TurtleBreakout,RpsBreakout,ComprehensiveTrend",0,0.0
2026-06-30,2026-07-01,688279,买入,200,231.73636035549995,13.904181621329997,信号入场,"MaVolume,TurtleBreakout,ComprehensiveTrend",0,0.0
2026-06-17,2026-07-02,001223,卖出,500,89.60992129908,35.843968519632,移动止盈,"TurtleBreakout,ComprehensiveTrend",9,-6285.289413549508
2026-06-29,2026-07-02,002636,卖出,100,292.3787488797,23.390299910376,移动止盈,ComprehensiveTrend,2,-1899.3723247099042
2026-06-30,2026-07-02,688279,卖出,200,233.9329583745,37.42927333992,移动止盈,"MaVolume,TurtleBreakout,ComprehensiveTrend",1,387.98614883876144
2026-07-01,2026-07-02,688358,买入,1200,56.404293865919996,20.3055457917312,信号入场,"MaVolume,TurtleBreakout,ComprehensiveTrend",0,0.0
2026-07-01,2026-07-02,002293,买入,900,106.63276176552998,28.790845676693092,信号入场,"MaVolume,TurtleBreakout,ComprehensiveTrend",0,0.0
2026-07-01,2026-07-02,300244,买入,300,220.78351959664,19.870516763697598,信号入场,"TurtleBreakout,ComprehensiveTrend",0,0.0
2026-06-10,2026-07-03,301557,卖出,500,125.87118104178,50.348472416712,时间止损,"MaVolume,ComprehensiveTrend",15,-2053.1048250853564
2026-06-29,2026-07-03,301307,卖出,700,79.62729507792,44.5912852436352,移动止盈,"TurtleBreakout,ComprehensiveTrend",3,3547.802152361932
2026-07-02,2026-07-03,002931,买入,300,167.31874171011998,15.058686753910797,信号入场,ComprehensiveTrend,0,0.0
2026-07-02,2026-07-03,603608,买入,1400,41.0182909136,17.227682183711998,信号入场,ComprehensiveTrend,0,0.0
2026-06-23,2026-07-07,603916,卖出,3000,17.826826329000003,42.78438318960001,跌破MA60,"MaVolume,ComprehensiveTrend",9,-7299.333924785002
2026-06-30,2026-07-07,301093,卖出,300,165.5636198508,39.735268764192,初始止损,"MaVolume,RpsBreakout,ComprehensiveTrend",4,-7071.251709065087
2026-07-06,2026-07-07,600288,买入,1800,50.55660129519999,27.300564699407992,信号入场,"MaVolume,TurtleBreakout,ComprehensiveTrend",0,0.0
2026-07-06,2026-07-07,003018,买入,600,76.84687335325,13.832437203584998,信号入场,ComprehensiveTrend,0,0.0
2026-06-30,2026-07-08,301115,卖出,1600,33.46073631945,42.829742488896,初始止损,"TurtleBreakout,RpsBreakout,ComprehensiveTrend",5,-7370.597625044706
2026-07-02,2026-07-08,002931,卖出,300,159.39193679172,38.2540648300128,移动止盈,ComprehensiveTrend,3,-2431.3542271039187
2026-07-07,2026-07-08,688530,买入,400,82.62235626645,9.914682751974,信号入场,ComprehensiveTrend,0,0.0
2026-07-07,2026-07-08,688409,买入,100,391.06671322718995,11.732001396815699,信号入场,ComprehensiveTrend,0,0.0
2026-07-01,2026-07-09,300244,卖出,300,197.60014078127998,47.4240337875072,初始止损,"TurtleBreakout,ComprehensiveTrend",5,-7022.30819515921
2026-07-02,2026-07-09,603608,卖出,1400,38.51519888736,43.1370227538432,移动止盈,ComprehensiveTrend,4,-3564.693541673558
2026-07-08,2026-07-09,300666,买入,100,347.14150693221995,10.414245207966596,信号入场,ComprehensiveTrend,0,0.0
2026-07-08,2026-07-09,688450,买入,700,58.38031523323999,12.259866198980397,信号入场,ComprehensiveTrend,0,0.0
2026-06-29,2026-07-10,688758,卖出,3700,20.27307288375,60.0082957359,初始止损,"TurtleBreakout,ComprehensiveTrend",8,-5403.657271761884
2026-07-09,2026-07-10,688146,买入,100,347.541800606,10.426254018179998,信号入场,ComprehensiveTrend,0,0.0
2026-07-06,2026-07-13,600288,卖出,1800,56.28525514326,81.0507674062944,移动止盈,"MaVolume,TurtleBreakout,ComprehensiveTrend",4,10203.225594402305
2026-07-07,2026-07-13,688530,卖出,400,74.38545008999999,23.803344028799998,移动止盈,ComprehensiveTrend,3,-3328.480497360779
2026-07-07,2026-07-13,688409,卖出,100,377.17119617508,30.173695694006405,移动止盈,ComprehensiveTrend,3,-1431.457402301814
2026-07-08,2026-07-13,300666,卖出,100,338.91599730743997,27.1132797845952,移动止盈,ComprehensiveTrend,2,-860.0784874705569
2026-07-08,2026-07-13,688450,卖出,700,50.444126299080004,28.248710727484802,移动止盈,ComprehensiveTrend,2,-5595.8408308384605
2026-07-10,2026-07-13,300105,买入,1000,54.84664805619999,16.453994416859995,信号入场,"TurtleBreakout,ComprehensiveTrend",0,0.0
2026-07-10,2026-07-13,688612,买入,1900,34.978791687839994,19.937911262068795,信号入场,"MaVolume,ComprehensiveTrend",0,0.0
2026-07-10,2026-07-13,603608,买入,1200,41.49710364799999,14.938957313279996,信号入场,ComprehensiveTrend,0,0.0
2026-07-10,2026-07-13,301328,买入,200,158.94744968101998,9.536846980861197,信号入场,ComprehensiveTrend,0,0.0
2026-07-10,2026-07-13,300420,买入,400,77.94889466363999,9.353867359636798,信号入场,ComprehensiveTrend,0,0.0
2026-06-26,2026-07-14,603903,卖出,2500,32.36804802153001,64.73609604306,移动止盈,"MaVolume,TurtleBreakout,ComprehensiveTrend",11,10573.794833840759
2026-07-09,2026-07-14,688146,卖出,100,243.09833232600002,19.44786658608,初始止损,ComprehensiveTrend,2,-10474.220948604256
2026-07-10,2026-07-14,688612,卖出,1900,33.3453424788,50.684920567776004,跌破MA60,"MaVolume,ComprehensiveTrend",1,-3174.1763290058298
2026-07-13,2026-07-14,603065,买入,2200,23.151010842959998,15.279667156353598,信号入场,ComprehensiveTrend,0,0.0
2026-07-13,2026-07-14,603120,买入,800,56.166109549549994,13.479866291891996,信号入场,ComprehensiveTrend,0,0.0
2026-07-13,2026-07-14,000920,买入,1500,34.545029719199995,15.545263373639996,信号入场,ComprehensiveTrend,0,0.0
2026-07-01,2026-07-15,688358,卖出,1200,47.710254627359994,45.8018444422656,初始止损,"MaVolume,TurtleBreakout,ComprehensiveTrend",9,-10498.954476505998
2026-07-14,2026-07-15,688338,买入,1600,41.20924619811999,19.780438175097594,信号入场,"TurtleBreakout,ComprehensiveTrend",0,0.0
2026-07-06,2026-07-17,003018,卖出,600,62.21770921080001,29.864500421184005,初始止损,ComprehensiveTrend,8,-8821.195423094767
2026-07-16,2026-07-17,601199,买入,2800,30.662695823759996,25.756664491958393,信号入场,"TurtleBreakout,ComprehensiveTrend",0,0.0
2026-07-10,2026-07-20,300105,卖出,1000,63.190129976639994,50.552103981312,移动止盈,"TurtleBreakout,ComprehensiveTrend",5,8276.475822041844
2026-07-10,2026-07-20,603608,卖出,1200,35.361348854400006,33.946894900224,初始止损,ComprehensiveTrend,5,-7411.791604533493
2026-07-10,2026-07-20,301328,卖出,200,128.235749886,20.517719981760003,初始止损,ComprehensiveTrend,5,-6172.394525966611
2026-07-10,2026-07-20,300420,卖出,400,64.92158026317,20.7749056842144,初始止损,ComprehensiveTrend,5,-5241.054533231851
2026-07-13,2026-07-20,603065,卖出,2200,16.33413087864,28.7480703464064,初始止损,ComprehensiveTrend,4,-15041.163659006765
2026-07-13,2026-07-20,000920,卖出,1500,34.62699849983999,41.55239819980799,移动止盈,ComprehensiveTrend,4,65.8555093865507
2026-07-17,2026-07-20,603519,买入,800,89.07538575935999,21.378092582246396,信号入场,"TurtleBreakout,RpsBreakout",0,0.0
2026-07-17,2026-07-20,002670,买入,3100,28.47005209048,26.477148444146394,信号入场,ComprehensiveTrend,0,0.0
2026-07-17,2026-07-20,002432,买入,200,298.47561215471995,17.908536729283195,信号入场,MaVolume,0,0.0
2026-07-17,2026-07-20,000429,买入,1800,53.419733697329995,28.846656196558197,信号入场,MaVolume,0,0.0
2026-07-17,2026-07-20,001872,买入,1000,95.38705291115,28.616115873344995,信号入场,TurtleBreakout,0,0.0
2026-07-17,2026-07-20,601000,买入,2900,33.64888949422,29.2745338599714,信号入场,TurtleBreakout,0,0.0
2026-07-13,2026-07-21,603120,卖出,800,44.8027488036,28.673759234303997,跌破MA60,ComprehensiveTrend,5,-9132.842222286192
2026-07-17,2026-07-21,002432,卖出,200,256.60971371970004,41.057554195152,初始止损,MaVolume,1,-8432.145777928432
2026-07-20,2026-07-21,600546,买入,700,111.86736335774998,23.492146305127495,信号入场,"TurtleBreakout,ComprehensiveTrend",0,0.0
2026-07-20,2026-07-21,688266,买入,100,135.73559999999998,5.0,信号入场,ComprehensiveTrend,0,0.0
2026-07-14,2026-07-22,688338,卖出,1600,36.316664982,46.485331176959996,初始止损,"TurtleBreakout,ComprehensiveTrend",5,-7894.395715144055
2026-07-16,2026-07-22,601199,卖出,2800,29.23800157116,65.4931235193984,初始止损,"TurtleBreakout,ComprehensiveTrend",3,-4080.3936952913355
2026-07-17,2026-07-22,603519,卖出,800,77.67629343252,49.712827796812796,移动止盈,"TurtleBreakout,RpsBreakout",2,-9190.364781851065
2026-07-20,2026-07-22,600546,卖出,700,109.87593682725002,61.53052462326001,跌破MA60,"TurtleBreakout,ComprehensiveTrend",1,-1479.0212422783661
2026-07-21,2026-07-22,688347,买入,100,390.5085498314,11.715256494941999,信号入场,ComprehensiveTrend,0,0.0
2026-07-21,2026-07-22,301310,买入,300,136.91668046055997,12.322501241450396,信号入场,ComprehensiveTrend,0,0.0
2026-07-21,2026-07-22,301536,买入,300,120.97955340470997,10.888159806423896,信号入场,ComprehensiveTrend,0,0.0
2026-07-21,2026-07-22,301273,买入,1000,58.83012134999999,17.649036404999997,信号入场,ComprehensiveTrend,0,0.0
2026-07-01,2026-07-23,002293,卖出,900,108.42573585986999,78.06652981910639,移动止盈,"MaVolume,TurtleBreakout,ComprehensiveTrend",15,1506.819309410217
2026-07-17,2026-07-23,002670,卖出,3100,27.504133934400002,68.210252157312,跌破MA60,ComprehensiveTrend,3,-3089.033684449445
2026-07-20,2026-07-23,688266,卖出,100,139.86,11.993,移动止盈,ComprehensiveTrend,2,395.44700000000194
2026-07-21,2026-07-23,301536,卖出,300,139.63558133331,33.5125395199944,移动止盈,ComprehensiveTrend,1,5552.407679253585
2026-07-22,2026-07-23,603268,买入,200,223.324806705,13.399488402299998,信号入场,ComprehensiveTrend,0,0.0
2026-07-22,2026-07-23,603162,买入,1600,39.280186545599996,18.854489541887997,信号入场,ComprehensiveTrend,0,0.0
2026-07-22,2026-07-23,002317,买入,100,317.77615738868997,9.533284721660698,信号入场,ComprehensiveTrend,0,0.0
2026-07-22,2026-07-23,603373,买入,1100,51.53379303072,17.006151700137597,信号入场,ComprehensiveTrend,0,0.0
2026-07-21,2026-07-24,301273,卖出,1000,49.0054323132,39.20434585056,初始止损,ComprehensiveTrend,2,-9881.54241905555
2026-07-23,2026-07-24,300510,买入,3700,21.734426633919995,24.12521356365119,信号入场,"MaVolume,ComprehensiveTrend",0,0.0
2026-07-21,2026-07-27,301310,卖出,300,106.94441080773,25.666658593855196,初始止损,ComprehensiveTrend,3,-9029.670055684295
2026-07-22,2026-07-27,603373,卖出,1100,49.17445184448,43.273517623142396,跌破MA60,ComprehensiveTrend,2,-2655.554974187282
2026-07-23,2026-07-27,300510,卖出,3700,20.820875083199997,61.629790246271995,跌破MA60,"MaVolume,ComprehensiveTrend",1,-3465.895741473898
2026-07-24,2026-07-27,300214,买入,900,42.1144468745,11.370900656115,信号入场,ComprehensiveTrend,0,0.0
2026-07-24,2026-07-27,601939,买入,3800,26.064054015999996,29.713021578239996,信号入场,ComprehensiveTrend,0,0.0
2026-07-24,2026-07-27,600919,买入,5000,19.68963220224,29.534448303359994,信号入场,ComprehensiveTrend,0,0.0
2026-07-21,2026-07-28,688347,卖出,100,295.9250787,23.674006295999998,初始止损,ComprehensiveTrend,4,-9493.736375930948
2026-07-22,2026-07-28,603162,卖出,1600,35.073442948499995,44.89400697408,跌破MA60,ComprehensiveTrend,3,-6794.538251875965
2026-07-27,2026-07-28,002563,买入,2300,43.20282712746,29.809950717947395,信号入场,"TurtleBreakout,ComprehensiveTrend",0,0.0
2026-07-27,2026-07-28,301108,买入,1300,51.71530161797999,20.168967631012194,信号入场,"TurtleBreakout,ComprehensiveTrend",0,0.0
2026-07-22,2026-07-29,603268,卖出,200,209.2780239885,33.484483838159996,跌破MA60,ComprehensiveTrend,4,-2856.240515540456
2026-07-28,2026-07-29,600756,买入,800,65.03118545923999,15.607484510217597,信号入场,"TurtleBreakout,ComprehensiveTrend",0,0.0
2026-07-24,2026-07-30,300214,卖出,900,45.603728622,32.834684607839996,移动止盈,ComprehensiveTrend,3,3096.147987486038
2026-07-29,2026-07-30,300677,买入,100,289.60775946102,8.6882327838306,信号入场,"TurtleBreakout,ComprehensiveTrend",0,0.0
